PRODUCT_CODE;ITEM_CODE;ITEM_GROSS_WEIGHT;ITEM_NET_WEIGHT;ITEM_OUT_WEIGHT;TECHNOLOGY;AMOUNT;DATE_FROM;WRITEOFF_TYPE1119467;893029;;0.021;0.021;;;16.01.2024 20:23;1119467;893503;;1.000;;;;16.01.2024 20:23;1119466;893029;;0.011;0.011;;;16.01.2024 20:22;1119466;893502;;1.000;;;;16.01.2024 20:22;1012487;962310;;0.281;0.281;Отделить белки от желтков.

Начинаем взбивать белки на средней скорости миксера. Медленно, по одной ложке добавить сахар. Когда белковая масса станет белой и довольно плотной, выключить миксер. 
Желтки ручным миксером растереть до бела. Далее аккуратно к желткам добавляем взбитые белки 1/2 часть и перемешиваем силиконовой лопаткой снизу вверх, просеиваем часть муки, вмешиваем так же в тесто, далее добавляем оставшиеся белки и вмешиваем в тесто и в конце остальную муку просеиваем и вмешиваем аккуратно лопаткой в тесто до однородного состояния. Готовое тесто вылить на пергамент тонким слоем, разровнять и выпекать в разогретой духовке до 200° 5 мин, далее температуру скидываем до 160° и выпекаем до золотистого цвета. Выключаем духовку, приоткрываем дверцу и оставляем еще на 5 мин. Охлаждаем и отделяем от пергамента. Готовый бисквит нарезаем на квадраты и храним в плотно закрытых контейнерах в холодильнике до дальнейшего использования.;;13.10.2023 12:16;1012487;1009602;;0.069;0.069;Отделить белки от желтков.

Начинаем взбивать белки на средней скорости миксера. Медленно, по одной ложке добавить сахар. Когда белковая масса станет белой и довольно плотной, выключить миксер. 
Желтки ручным миксером растереть до бела. Далее аккуратно к желткам добавляем взбитые белки 1/2 часть и перемешиваем силиконовой лопаткой снизу вверх, просеиваем часть муки, вмешиваем так же в тесто, далее добавляем оставшиеся белки и вмешиваем в тесто и в конце остальную муку просеиваем и вмешиваем аккуратно лопаткой в тесто до однородного состояния. Готовое тесто вылить на пергамент тонким слоем, разровнять и выпекать в разогретой духовке до 200° 5 мин, далее температуру скидываем до 160° и выпекаем до золотистого цвета. Выключаем духовку, приоткрываем дверцу и оставляем еще на 5 мин. Охлаждаем и отделяем от пергамента. Готовый бисквит нарезаем на квадраты и храним в плотно закрытых контейнерах в холодильнике до дальнейшего использования.;;13.10.2023 12:16;1012487;962269;;0.347;0.347;Отделить белки от желтков.

Начинаем взбивать белки на средней скорости миксера. Медленно, по одной ложке добавить сахар. Когда белковая масса станет белой и довольно плотной, выключить миксер. 
Желтки ручным миксером растереть до бела. Далее аккуратно к желткам добавляем взбитые белки 1/2 часть и перемешиваем силиконовой лопаткой снизу вверх, просеиваем часть муки, вмешиваем так же в тесто, далее добавляем оставшиеся белки и вмешиваем в тесто и в конце остальную муку просеиваем и вмешиваем аккуратно лопаткой в тесто до однородного состояния. Готовое тесто вылить на пергамент тонким слоем, разровнять и выпекать в разогретой духовке до 200° 5 мин, далее температуру скидываем до 160° и выпекаем до золотистого цвета. Выключаем духовку, приоткрываем дверцу и оставляем еще на 5 мин. Охлаждаем и отделяем от пергамента. Готовый бисквит нарезаем на квадраты и храним в плотно закрытых контейнерах в холодильнике до дальнейшего использования.;;13.10.2023 12:16;1012487;962336;;11.000;11.0;Отделить белки от желтков.

Начинаем взбивать белки на средней скорости миксера. Медленно, по одной ложке добавить сахар. Когда белковая масса станет белой и довольно плотной, выключить миксер. 
Желтки ручным миксером растереть до бела. Далее аккуратно к желткам добавляем взбитые белки 1/2 часть и перемешиваем силиконовой лопаткой снизу вверх, просеиваем часть муки, вмешиваем так же в тесто, далее добавляем оставшиеся белки и вмешиваем в тесто и в конце остальную муку просеиваем и вмешиваем аккуратно лопаткой в тесто до однородного состояния. Готовое тесто вылить на пергамент тонким слоем, разровнять и выпекать в разогретой духовке до 200° 5 мин, далее температуру скидываем до 160° и выпекаем до золотистого цвета. Выключаем духовку, приоткрываем дверцу и оставляем еще на 5 мин. Охлаждаем и отделяем от пергамента. Готовый бисквит нарезаем на квадраты и храним в плотно закрытых контейнерах в холодильнике до дальнейшего использования.;;13.10.2023 12:16;1136962;1061299;;0.170;0.17;;;06.02.2024 10:01;1136962;1061315;;0.038;0.038;;;06.02.2024 10:01;1136962;1061307;;0.011;0.011;;;06.02.2024 10:01;1136962;1061313;;0.008;0.008;;;06.02.2024 10:01;1136962;1009743;;0.007;0.007;;;06.02.2024 10:01;1136962;962254;;0.007;0.007;;;06.02.2024 10:01;1136962;962276;;0.002;0.002;;;06.02.2024 10:01;1136962;1014148;;0.025;0.025;;;06.02.2024 10:01;1078741;1061294;;0.200;0.2;;;12.02.2024 08:43;1078741;962268;;0.001;0.001;;;12.02.2024 08:43;1078741;962312;;0.004;0.004;;;12.02.2024 08:43;1078741;1014148;;0.025;0.025;;;12.02.2024 08:43;1092651;1061294;;0.200;0.2;;;25.02.2024 09:19;1092651;1061307;;0.008;0.008;;;25.02.2024 09:19;1092651;1061313;;0.008;0.008;;;25.02.2024 09:19;1092651;962268;;0.002;0.002;;;25.02.2024 09:19;1092651;962312;;0.003;0.003;;;25.02.2024 09:19;1092651;962266;;0.005;0.005;;;25.02.2024 09:19;1092651;1014148;;0.025;0.025;;;25.02.2024 09:19;1092651;962254;;0.005;0.005;;;25.02.2024 09:19;1082984;1061315;;0.045;0.045;;;20.02.2024 03:52;1082984;962268;;0.001;0.001;;;20.02.2024 03:52;1082984;962266;;0.005;0.005;;;20.02.2024 03:52;1082984;1061307;;0.008;0.008;;;20.02.2024 03:52;1082984;1061313;;0.008;0.008;;;20.02.2024 03:52;1082984;1009748;;0.008;0.008;;;20.02.2024 03:52;1082984;962312;;0.002;0.002;;;20.02.2024 03:52;1082984;962276;;0.000;0.0;;;20.02.2024 03:52;1082984;962254;;0.000;0.0;;;20.02.2024 03:52;1086281;962266;;0.006;0.006;;;28.02.2024 06:38;1086281;962268;;0.002;0.002;;;28.02.2024 06:38;1086281;1061299;;0.200;0.2;;;28.02.2024 06:38;1086281;1014148;;0.025;0.025;;;28.02.2024 06:38;1086281;962312;;0.000;0.0;;;28.02.2024 06:38;1086281;962276;;0.000;0.0;;;28.02.2024 06:38;1107679;1061299;;0.280;0.28;;;01.02.2024 04:02;1107679;1061315;;0.050;0.05;;;01.02.2024 04:02;1107679;962311;;0.021;0.021;;;01.02.2024 04:02;1107679;1061313;;0.012;0.012;;;01.02.2024 04:02;1107679;962312;;0.004;0.004;;;01.02.2024 04:02;1107679;1014148;;0.025;0.025;;;01.02.2024 04:02;1068578;1068576;;0.180;0.18;;;14.02.2024 06:39;1068578;1014148;;0.025;0.025;;;14.02.2024 06:39;1123276;962256;;0.055;0.055;;;23.02.2024 08:53;1123276;1061313;;0.020;0.02;;;23.02.2024 08:53;1123276;962276;;0.003;0.003;;;23.02.2024 08:53;1123276;893034;;0.055;0.055;;;23.02.2024 08:53;1123276;1061307;;0.000;0.0;;;23.02.2024 08:53;1123276;962254;;0.000;0.0;;;23.02.2024 08:53;1123276;962266;;0.006;0.006;;;23.02.2024 08:53;1072404;1061298;;0.210;0.21;;;23.02.2024 08:54;1072404;962268;;0.001;0.001;;;23.02.2024 08:54;1072404;962266;;0.002;0.002;;;23.02.2024 08:54;1072404;1014148;;0.025;0.025;;;23.02.2024 08:54;1127234;1061298;;0.230;0.23;;;29.01.2024 07:14;1127234;1047313;;0.019;;;;29.01.2024 07:14;1127234;1009777;;0.011;0.011;;;29.01.2024 07:14;1127234;1061307;;0.003;0.003;;;29.01.2024 07:14;1127234;1061313;;0.006;0.006;;;29.01.2024 07:14;1127234;962266;;0.005;0.005;;;29.01.2024 07:14;1127234;962268;;0.002;0.002;;;29.01.2024 07:14;1127234;1014148;;0.025;0.025;;;29.01.2024 07:14;1097586;1061298;;0.230;0.23;;;27.02.2024 07:15;1097586;1061307;;0.007;0.007;;;27.02.2024 07:15;1097586;1061313;;0.007;0.007;;;27.02.2024 07:15;1097586;962266;;0.006;0.006;;;27.02.2024 07:15;1097586;962312;;0.005;0.005;;;27.02.2024 07:15;1097586;962268;;0.001;0.001;;;27.02.2024 07:15;1097586;1014148;;0.025;0.025;;;27.02.2024 07:15;1125341;1061299;;0.150;0.15;;;25.01.2024 06:23;1125341;1061307;;0.010;0.01;;;25.01.2024 06:23;1125341;1061313;;0.003;0.003;;;25.01.2024 06:23;1125341;1046387;;0.004;0.004;;;25.01.2024 06:23;1125341;1046394;;0.010;0.01;;;25.01.2024 06:23;1125341;962276;;0.002;0.002;;;25.01.2024 06:23;1125341;1009748;;0.004;0.004;;;25.01.2024 06:23;1125341;962312;;0.005;0.005;;;25.01.2024 06:23;1125341;1014148;;0.025;0.025;;;25.01.2024 06:23;1091194;1042190;;0.130;0.13;;;17.02.2024 11:13;1091194;1009777;;0.040;0.04;;;17.02.2024 11:13;1091194;962254;;0.000;0.0;;;17.02.2024 11:13;1091194;962268;;0.002;0.002;;;17.02.2024 11:13;1091194;962266;;0.002;0.002;;;17.02.2024 11:13;1091194;962311;;0.010;0.01;;;17.02.2024 11:13;1091194;962256;;0.000;0.0;;;17.02.2024 11:13;1068269;1061296;;0.210;0.21;;;26.02.2024 06:27;1068269;1061315;;0.039;0.039;;;26.02.2024 06:27;1068269;1061307;;0.008;0.008;;;26.02.2024 06:27;1068269;1061313;;0.005;0.005;;;26.02.2024 06:27;1068269;962268;;0.001;0.001;;;26.02.2024 06:27;1068269;962266;;0.005;0.005;;;26.02.2024 06:27;1068269;1014148;;0.025;0.025;;;26.02.2024 06:27;1068269;962312;;0.003;0.003;;;26.02.2024 06:27;1068269;1009748;;0.000;0.0;;;26.02.2024 06:27;1068269;962276;;0.000;0.0;;;26.02.2024 06:27;1074877;1061296;;0.210;0.21;;;24.01.2024 05:37;1074877;962266;;0.002;0.002;;;24.01.2024 05:37;1074877;962268;;0.001;0.001;;;24.01.2024 05:37;1074877;1014148;;0.025;0.025;;;24.01.2024 05:37;1090663;1061296;;0.190;0.19;;;11.12.2023 11:41;1090663;1046385;;0.010;0.01;;;11.12.2023 11:41;1090663;962268;;0.001;0.001;;;11.12.2023 11:41;1090663;962266;;0.002;0.002;;;11.12.2023 11:41;1090663;962312;;0.002;0.002;;;11.12.2023 11:41;1090663;1014148;;0.025;0.025;;;11.12.2023 11:41;1087926;1061296;;0.180;0.18;;;19.12.2023 08:35;1087926;1046385;;0.012;0.012;;;19.12.2023 08:35;1087926;1046387;;0.010;0.01;;;19.12.2023 08:35;1087926;1046391;;0.007;0.007;;;19.12.2023 08:35;1087926;962266;;0.002;0.002;;;19.12.2023 08:35;1087926;962268;;0.001;0.001;;;19.12.2023 08:35;1087926;1014148;;0.025;0.025;;;19.12.2023 08:35;1087926;1061307;;0.010;0.01;;;19.12.2023 08:35;1087926;1061313;;0.010;0.01;;;19.12.2023 08:35;1099231;1061296;;0.200;0.2;;;21.02.2024 04:42;1099231;1046387;;0.010;0.01;;;21.02.2024 04:42;1099231;1061307;;0.007;0.007;;;21.02.2024 04:42;1099231;1061313;;0.000;0.0;;;21.02.2024 04:42;1099231;962266;;0.005;0.005;;;21.02.2024 04:42;1099231;962312;;0.005;0.005;;;21.02.2024 04:42;1099231;1014148;;0.025;0.025;;;21.02.2024 04:42;1099231;962276;;0.000;0.0;;;21.02.2024 04:42;1099231;962254;;0.000;0.0;;;21.02.2024 04:42;1082982;1047313;;1.000;;;;05.12.2023 08:25;1082983;1046398;;1.000;;;;18.12.2023 08:51;1043005;1009750;;0.015;0.015;Нарезаем хлеб Бриошь пополам. Выкладываем нарезанные листья айсберга по всему периметру. Далее наливаем по всему периметру по соус Тар-тар. Выкладываем следом слайсы колбасу Пиперине, следом идет томат слайсы и далее слайсы огурца. Закрываем вторым хлебом Бриошь и слегка придавливаем. Кладем в упаковку для бутерброда. Маркируем и подписываем.;;15.02.2024 07:12;1043005;962257;;0.011;0.011;Нарезаем хлеб Бриошь пополам. Выкладываем нарезанные листья айсберга по всему периметру. Далее наливаем по всему периметру по соус Тар-тар. Выкладываем следом слайсы колбасу Пиперине, следом идет томат слайсы и далее слайсы огурца. Закрываем вторым хлебом Бриошь и слегка придавливаем. Кладем в упаковку для бутерброда. Маркируем и подписываем.;;15.02.2024 07:12;1043005;962254;;0.011;0.011;Нарезаем хлеб Бриошь пополам. Выкладываем нарезанные листья айсберга по всему периметру. Далее наливаем по всему периметру по соус Тар-тар. Выкладываем следом слайсы колбасу Пиперине, следом идет томат слайсы и далее слайсы огурца. Закрываем вторым хлебом Бриошь и слегка придавливаем. Кладем в упаковку для бутерброда. Маркируем и подписываем.;;15.02.2024 07:12;1043005;962250;;0.011;0.011;Нарезаем хлеб Бриошь пополам. Выкладываем нарезанные листья айсберга по всему периметру. Далее наливаем по всему периметру по соус Тар-тар. Выкладываем следом слайсы колбасу Пиперине, следом идет томат слайсы и далее слайсы огурца. Закрываем вторым хлебом Бриошь и слегка придавливаем. Кладем в упаковку для бутерброда. Маркируем и подписываем.;;15.02.2024 07:12;1043005;1043011;;0.010;0.01;Нарезаем хлеб Бриошь пополам. Выкладываем нарезанные листья айсберга по всему периметру. Далее наливаем по всему периметру по соус Тар-тар. Выкладываем следом слайсы колбасу Пиперине, следом идет томат слайсы и далее слайсы огурца. Закрываем вторым хлебом Бриошь и слегка придавливаем. Кладем в упаковку для бутерброда. Маркируем и подписываем.;;15.02.2024 07:12;1043005;1009751;;0.012;0.012;Нарезаем хлеб Бриошь пополам. Выкладываем нарезанные листья айсберга по всему периметру. Далее наливаем по всему периметру по соус Тар-тар. Выкладываем следом слайсы колбасу Пиперине, следом идет томат слайсы и далее слайсы огурца. Закрываем вторым хлебом Бриошь и слегка придавливаем. Кладем в упаковку для бутерброда. Маркируем и подписываем.;;15.02.2024 07:12;1043005;1024678;;1.000;;Нарезаем хлеб Бриошь пополам. Выкладываем нарезанные листья айсберга по всему периметру. Далее наливаем по всему периметру по соус Тар-тар. Выкладываем следом слайсы колбасу Пиперине, следом идет томат слайсы и далее слайсы огурца. Закрываем вторым хлебом Бриошь и слегка придавливаем. Кладем в упаковку для бутерброда. Маркируем и подписываем.;;15.02.2024 07:12;1043005;1108158;;0.046;0.046;Нарезаем хлеб Бриошь пополам. Выкладываем нарезанные листья айсберга по всему периметру. Далее наливаем по всему периметру по соус Тар-тар. Выкладываем следом слайсы колбасу Пиперине, следом идет томат слайсы и далее слайсы огурца. Закрываем вторым хлебом Бриошь и слегка придавливаем. Кладем в упаковку для бутерброда. Маркируем и подписываем.;;15.02.2024 07:12;1043005;1009714;;0.002;0.002;Нарезаем хлеб Бриошь пополам. Выкладываем нарезанные листья айсберга по всему периметру. Далее наливаем по всему периметру по соус Тар-тар. Выкладываем следом слайсы колбасу Пиперине, следом идет томат слайсы и далее слайсы огурца. Закрываем вторым хлебом Бриошь и слегка придавливаем. Кладем в упаковку для бутерброда. Маркируем и подписываем.;;15.02.2024 07:12;935258;1021890;;0.015;0.015;;;25.10.2023 07:23;935259;1021890;;0.021;0.021;;;25.10.2023 14:01;1123399;1096533;;0.400;0.4;;;21.01.2024 20:09;1123399;893043;;0.040;0.04;;;21.01.2024 20:09;1123399;893503;;1.000;;;;21.01.2024 20:09;962283;962290;;0.183;0.183;Вскипятить воду, залить сухие ингредиенты и перемешать до однородной массы. Оставить на 2 часа под крышкой для запаривания. Далее кладем уксус и масло, перемешиваем. Маркируем. Хранить в плотно закрытой таре в холодильнике.;;13.10.2023 08:02;962283;962260;;0.654;0.654;Вскипятить воду, залить сухие ингредиенты и перемешать до однородной массы. Оставить на 2 часа под крышкой для запаривания. Далее кладем уксус и масло, перемешиваем. Маркируем. Хранить в плотно закрытой таре в холодильнике.;;13.10.2023 08:02;962283;962266;;0.065;0.065;Вскипятить воду, залить сухие ингредиенты и перемешать до однородной массы. Оставить на 2 часа под крышкой для запаривания. Далее кладем уксус и масло, перемешиваем. Маркируем. Хранить в плотно закрытой таре в холодильнике.;;13.10.2023 08:02;962283;962268;;0.007;0.007;Вскипятить воду, залить сухие ингредиенты и перемешать до однородной массы. Оставить на 2 часа под крышкой для запаривания. Далее кладем уксус и масло, перемешиваем. Маркируем. Хранить в плотно закрытой таре в холодильнике.;;13.10.2023 08:02;962283;962269;;0.052;0.052;Вскипятить воду, залить сухие ингредиенты и перемешать до однородной массы. Оставить на 2 часа под крышкой для запаривания. Далее кладем уксус и масло, перемешиваем. Маркируем. Хранить в плотно закрытой таре в холодильнике.;;13.10.2023 08:02;962283;962272;;0.040;0.04;Вскипятить воду, залить сухие ингредиенты и перемешать до однородной массы. Оставить на 2 часа под крышкой для запаривания. Далее кладем уксус и масло, перемешиваем. Маркируем. Хранить в плотно закрытой таре в холодильнике.;;13.10.2023 08:02;1119478;893033;;0.375;0.375;;;16.01.2024 20:47;1119478;893032;;0.040;0.04;;;16.01.2024 20:47;1119478;893503;;1.000;;;;16.01.2024 20:47;1119477;893033;;0.325;0.325;;;16.01.2024 20:48;1119477;893032;;0.030;0.03;;;16.01.2024 20:48;1119477;932927;;1.000;;;;16.01.2024 20:48;1119476;893033;;0.195;0.195;;;16.01.2024 20:45;1119476;893502;;1.000;;;;16.01.2024 20:45;1119476;893032;;0.020;0.02;;;16.01.2024 20:45;1061294;1050843;;1.000;1.0;;;28.01.2024 07:54;1061294;962260;;3.000;3.0;;;28.01.2024 07:54;1061294;962268;;0.010;0.01;;;28.01.2024 07:54;1092791;1035546;;0.030;0.03;Вливаем 180 мл воды в чашу для смешивания, замен в нее добавляем 30 грамм сухого желатина, все перемешиваем, и ждем 30 минут, когда масса набухнет.
После того как масса набухла, чашу со смесью ставим на плиту, на самый медленный огонь и не перестаем мешать, до того момента, пока желатин не превратится в водную консистенцию. Эту заготовку остужаем, ждем 20 минут. В течении  этого времени масса должна превратится в Желе. 
Затем готовый полуфабрикат используем в Крем Чиз. 
35 грамм желе (готового п/ф) на 1 кг Крем Чиза.;;13.12.2023 08:02;1092791;962260;;0.180;0.18;Вливаем 180 мл воды в чашу для смешивания, замен в нее добавляем 30 грамм сухого желатина, все перемешиваем, и ждем 30 минут, когда масса набухнет.
После того как масса набухла, чашу со смесью ставим на плиту, на самый медленный огонь и не перестаем мешать, до того момента, пока желатин не превратится в водную консистенцию. Эту заготовку остужаем, ждем 20 минут. В течении  этого времени масса должна превратится в Желе. 
Затем готовый полуфабрикат используем в Крем Чиз. 
35 грамм желе (готового п/ф) на 1 кг Крем Чиза.;;13.12.2023 08:02;1119475;893033;;0.195;0.195;;;31.01.2024 07:04;1119475;893031;;0.020;0.02;;;31.01.2024 07:04;1119475;974735;;0.005;0.005;;;31.01.2024 07:04;1119475;893503;;1.000;;;;31.01.2024 07:04;1119474;893033;;0.325;0.325;;;16.01.2024 20:43;1119474;893031;;0.030;0.03;;;16.01.2024 20:43;1119474;974735;;0.010;0.01;;;16.01.2024 20:43;1119474;932927;;1.000;;;;16.01.2024 20:43;1119473;893033;;0.195;0.195;;;16.01.2024 20:42;1119473;893502;;1.000;;;;16.01.2024 20:42;1119473;893031;;0.020;0.02;;;16.01.2024 20:42;1119473;974735;;0.005;0.005;;;16.01.2024 20:42;1123394;893504;;1.000;;;;21.01.2024 19:52;1123394;893033;;0.325;0.325;;;21.01.2024 19:52;1123394;893043;;0.031;0.031;;;21.01.2024 19:52;1123394;893031;;0.031;0.031;;;21.01.2024 19:52;1123395;893033;;0.545;0.545;;;21.01.2024 19:52;1123395;893043;;0.061;0.061;;;21.01.2024 19:52;1123395;893031;;0.061;0.061;;;21.01.2024 19:52;1123395;932928;;1.000;;;;21.01.2024 19:52;1119449;893029;;0.021;0.021;;;16.01.2024 20:20;1119449;893033;;0.335;0.335;;;16.01.2024 20:20;1119449;893503;;1.000;;;;16.01.2024 20:20;1119448;893029;;0.021;0.021;;;16.01.2024 19:58;1119448;893033;;0.285;0.285;;;16.01.2024 19:58;1119448;932927;;1.000;;;;16.01.2024 19:58;1119445;893029;;0.011;0.011;;;16.01.2024 19:56;1119445;893033;;0.185;0.185;;;16.01.2024 19:56;1119445;893502;;1.000;;;;16.01.2024 19:56;1123386;893504;;1.000;;;;21.01.2024 19:48;1123386;893033;;0.285;0.285;;;21.01.2024 19:48;1123386;893029;;0.011;0.011;;;21.01.2024 19:48;1123386;984985;;0.026;0.026;;;21.01.2024 19:48;1123391;893033;;0.525;0.525;;;31.01.2024 07:05;1123391;893029;;0.021;0.021;;;31.01.2024 07:05;1123391;932928;;1.000;;;;31.01.2024 07:05;1123391;984985;;0.046;0.046;;;31.01.2024 07:05;1123375;893504;;1.000;;;;21.01.2024 19:31;1123375;893033;;0.285;0.285;;;21.01.2024 19:31;1123375;893029;;0.011;0.011;;;21.01.2024 19:31;1123375;893049;;0.026;0.026;;;21.01.2024 19:31;1123377;893033;;0.525;0.525;;;21.01.2024 19:28;1123377;893029;;0.021;0.021;;;21.01.2024 19:28;1123377;932928;;1.000;;;;21.01.2024 19:28;1123377;893049;;0.046;0.046;;;21.01.2024 19:28;1061299;991347;;1.000;1.0;;;14.02.2024 06:34;1068576;1061299;;0.200;0.2;;;14.02.2024 06:39;1068576;962311;;0.030;0.03;;;14.02.2024 06:39;1068576;962268;;0.001;0.001;;;14.02.2024 06:39;1068576;962312;;0.020;0.02;;;14.02.2024 06:39;1013613;963078;;2.500;2.5;Апельсин разрезаем на сегменты, выжимаем сок из оставшееся мягкой части. Соединяем с сахаром и провариваем 15мин. Кладем растворенный в теплой воде пектин и вливаем тонкой струйкой быстро замешивая. Варим на средней температуре 2 мин. Остужаем. Хранить в холодильнике или в морозильной камере в плотно закрытой ëмкости.;;29.01.2024 09:20;1013613;962269;;0.180;0.18;Апельсин разрезаем на сегменты, выжимаем сок из оставшееся мягкой части. Соединяем с сахаром и провариваем 15мин. Кладем растворенный в теплой воде пектин и вливаем тонкой струйкой быстро замешивая. Варим на средней температуре 2 мин. Остужаем. Хранить в холодильнике или в морозильной камере в плотно закрытой ëмкости.;;29.01.2024 09:20;1013613;1009711;;0.113;0.113;Апельсин разрезаем на сегменты, выжимаем сок из оставшееся мягкой части. Соединяем с сахаром и провариваем 15мин. Кладем растворенный в теплой воде пектин и вливаем тонкой струйкой быстро замешивая. Варим на средней температуре 2 мин. Остужаем. Хранить в холодильнике или в морозильной камере в плотно закрытой ëмкости.;;29.01.2024 09:20;1013613;1017805;;0.002;0.002;Апельсин разрезаем на сегменты, выжимаем сок из оставшееся мягкой части. Соединяем с сахаром и провариваем 15мин. Кладем растворенный в теплой воде пектин и вливаем тонкой струйкой быстро замешивая. Варим на средней температуре 2 мин. Остужаем. Хранить в холодильнике или в морозильной камере в плотно закрытой ëмкости.;;29.01.2024 09:20;1013613;962260;;0.450;0.45;Апельсин разрезаем на сегменты, выжимаем сок из оставшееся мягкой части. Соединяем с сахаром и провариваем 15мин. Кладем растворенный в теплой воде пектин и вливаем тонкой струйкой быстро замешивая. Варим на средней температуре 2 мин. Остужаем. Хранить в холодильнике или в морозильной камере в плотно закрытой ëмкости.;;29.01.2024 09:20;1013610;1009759;;1.200;1.2;Замороженную клубнику соединяем с сахаром и провариваем 25 мин. на средней мощности. Пробиваем блендером, так что бы оставались небольшие кусочки. Кладем растворенный в теплой воде пектин и вливаем тонкой струйкой быстро замешивая. Варим на средней температуре 2 мин. Остужаем. Хранить в холодильнике или в морозильной камере в плотно закрытой ëмкости.;;31.01.2024 12:58;1013610;962269;;0.400;0.4;Замороженную клубнику соединяем с сахаром и провариваем 25 мин. на средней мощности. Пробиваем блендером, так что бы оставались небольшие кусочки. Кладем растворенный в теплой воде пектин и вливаем тонкой струйкой быстро замешивая. Варим на средней температуре 2 мин. Остужаем. Хранить в холодильнике или в морозильной камере в плотно закрытой ëмкости.;;31.01.2024 12:58;1013610;1009711;;0.060;0.06;Замороженную клубнику соединяем с сахаром и провариваем 25 мин. на средней мощности. Пробиваем блендером, так что бы оставались небольшие кусочки. Кладем растворенный в теплой воде пектин и вливаем тонкой струйкой быстро замешивая. Варим на средней температуре 2 мин. Остужаем. Хранить в холодильнике или в морозильной камере в плотно закрытой ëмкости.;;31.01.2024 12:58;1013610;1017805;;0.001;0.001;Замороженную клубнику соединяем с сахаром и провариваем 25 мин. на средней мощности. Пробиваем блендером, так что бы оставались небольшие кусочки. Кладем растворенный в теплой воде пектин и вливаем тонкой струйкой быстро замешивая. Варим на средней температуре 2 мин. Остужаем. Хранить в холодильнике или в морозильной камере в плотно закрытой ëмкости.;;31.01.2024 12:58;1013610;962260;;0.250;0.25;Замороженную клубнику соединяем с сахаром и провариваем 25 мин. на средней мощности. Пробиваем блендером, так что бы оставались небольшие кусочки. Кладем растворенный в теплой воде пектин и вливаем тонкой струйкой быстро замешивая. Варим на средней температуре 2 мин. Остужаем. Хранить в холодильнике или в морозильной камере в плотно закрытой ëмкости.;;31.01.2024 12:58;1012483;962625;;0.508;0.508;С сахарной пудрой, постепенно вмешивая творожный сыр Креметте и тихонько вливаем сливки. 
Отдельно взбиваем яичные желтки, все хорошо пробиваем до однородной массы, в конце добавляем ванилин.
Так же добавляем сорбат Калия 1 грамм на 1 кг;;14.12.2023 07:37;1012483;962342;;0.005;0.005;С сахарной пудрой, постепенно вмешивая творожный сыр Креметте и тихонько вливаем сливки. 
Отдельно взбиваем яичные желтки, все хорошо пробиваем до однородной массы, в конце добавляем ванилин.
Так же добавляем сорбат Калия 1 грамм на 1 кг;;14.12.2023 07:37;1012483;1017805;;0.001;0.001;С сахарной пудрой, постепенно вмешивая творожный сыр Креметте и тихонько вливаем сливки. 
Отдельно взбиваем яичные желтки, все хорошо пробиваем до однородной массы, в конце добавляем ванилин.
Так же добавляем сорбат Калия 1 грамм на 1 кг;;14.12.2023 07:37;1012483;1012695;;0.333;0.333;С сахарной пудрой, постепенно вмешивая творожный сыр Креметте и тихонько вливаем сливки. 
Отдельно взбиваем яичные желтки, все хорошо пробиваем до однородной массы, в конце добавляем ванилин.
Так же добавляем сорбат Калия 1 грамм на 1 кг;;14.12.2023 07:37;1012483;962269;;0.150;0.15;С сахарной пудрой, постепенно вмешивая творожный сыр Креметте и тихонько вливаем сливки. 
Отдельно взбиваем яичные желтки, все хорошо пробиваем до однородной массы, в конце добавляем ванилин.
Так же добавляем сорбат Калия 1 грамм на 1 кг;;14.12.2023 07:37;1012483;1094532;;0.050;0.05;С сахарной пудрой, постепенно вмешивая творожный сыр Креметте и тихонько вливаем сливки. 
Отдельно взбиваем яичные желтки, все хорошо пробиваем до однородной массы, в конце добавляем ванилин.
Так же добавляем сорбат Калия 1 грамм на 1 кг;;14.12.2023 07:37;1009757;962625;;0.550;0.55;С сахарной пудрой, постепенно вмешивая творожный сыр Креметте и тихонько вливаем сливки. Все хорошо пробиваем до однородной массы, в конце добавляем ванилин.;;13.12.2023 07:57;1009757;1009691;;0.220;0.22;С сахарной пудрой, постепенно вмешивая творожный сыр Креметте и тихонько вливаем сливки. Все хорошо пробиваем до однородной массы, в конце добавляем ванилин.;;13.12.2023 07:57;1009757;962342;;0.005;0.005;С сахарной пудрой, постепенно вмешивая творожный сыр Креметте и тихонько вливаем сливки. Все хорошо пробиваем до однородной массы, в конце добавляем ванилин.;;13.12.2023 07:57;1009757;1017805;;0.001;0.001;С сахарной пудрой, постепенно вмешивая творожный сыр Креметте и тихонько вливаем сливки. Все хорошо пробиваем до однородной массы, в конце добавляем ванилин.;;13.12.2023 07:57;1009757;1012695;;0.220;0.22;С сахарной пудрой, постепенно вмешивая творожный сыр Креметте и тихонько вливаем сливки. Все хорошо пробиваем до однородной массы, в конце добавляем ванилин.;;13.12.2023 07:57;1009757;1092791;;0.035;0.035;С сахарной пудрой, постепенно вмешивая творожный сыр Креметте и тихонько вливаем сливки. Все хорошо пробиваем до однородной массы, в конце добавляем ванилин.;;13.12.2023 07:57;993316;962351;;0.003;0.003;Вмесить в тесто для кукиса кокосовую стружку и раскидать по 60гр. Закатать в шарик и каждый на пергамен через кольцо 6см диаметр распределить ровно тесто, кольцо убираем. Получившиеся заготовки промазать сбитым яйцом тонко кисточкой, и присыпать немного сверху кокосовую стружку. Выпекаем в разогретой духовке на 220° 10мин и далее скидываем температуру до 160° допекаем еще 10 минут. Остужаем до полного остывания. Упаковываем в пищевую пленку. Ставим маркировку. Хранить в холодильнике, не с повышенной влажностью.;;31.01.2024 12:52;993316;962344;;0.060;0.06;Вмесить в тесто для кукиса кокосовую стружку и раскидать по 60гр. Закатать в шарик и каждый на пергамен через кольцо 6см диаметр распределить ровно тесто, кольцо убираем. Получившиеся заготовки промазать сбитым яйцом тонко кисточкой, и присыпать немного сверху кокосовую стружку. Выпекаем в разогретой духовке на 220° 10мин и далее скидываем температуру до 160° допекаем еще 10 минут. Остужаем до полного остывания. Упаковываем в пищевую пленку. Ставим маркировку. Хранить в холодильнике, не с повышенной влажностью.;;31.01.2024 12:52;993316;1042190;;0.002;0.002;Вмесить в тесто для кукиса кокосовую стружку и раскидать по 60гр. Закатать в шарик и каждый на пергамен через кольцо 6см диаметр распределить ровно тесто, кольцо убираем. Получившиеся заготовки промазать сбитым яйцом тонко кисточкой, и присыпать немного сверху кокосовую стружку. Выпекаем в разогретой духовке на 220° 10мин и далее скидываем температуру до 160° допекаем еще 10 минут. Остужаем до полного остывания. Упаковываем в пищевую пленку. Ставим маркировку. Хранить в холодильнике, не с повышенной влажностью.;;31.01.2024 12:52;993317;962344;;0.060;0.06;Шоколад нарубить не очень мелко, вмесить в тесто для кукис и раскидать по 60гр. Закатать в шарик и каждый на пергамен через кольцо 6см диаметр распределить ровно тесто, кольцо убираем. Получившиеся заготовки промазать сбитым яйцом тонко кисточкой. Выпекаем в разогретой духовке на 220° 10мин и далее скидываем температуру до 160° допекаем еще 10 минут. Остужаем до полного остывания. Упаковываем в пищевую пленку. Ставим маркировку. Хранить в холодильнике, не с повышенной влажностью.;;31.01.2024 12:53;993317;962353;;0.006;0.006;Шоколад нарубить не очень мелко, вмесить в тесто для кукис и раскидать по 60гр. Закатать в шарик и каждый на пергамен через кольцо 6см диаметр распределить ровно тесто, кольцо убираем. Получившиеся заготовки промазать сбитым яйцом тонко кисточкой. Выпекаем в разогретой духовке на 220° 10мин и далее скидываем температуру до 160° допекаем еще 10 минут. Остужаем до полного остывания. Упаковываем в пищевую пленку. Ставим маркировку. Хранить в холодильнике, не с повышенной влажностью.;;31.01.2024 12:53;993317;1042190;;0.002;0.002;Шоколад нарубить не очень мелко, вмесить в тесто для кукис и раскидать по 60гр. Закатать в шарик и каждый на пергамен через кольцо 6см диаметр распределить ровно тесто, кольцо убираем. Получившиеся заготовки промазать сбитым яйцом тонко кисточкой. Выпекаем в разогретой духовке на 220° 10мин и далее скидываем температуру до 160° допекаем еще 10 минут. Остужаем до полного остывания. Упаковываем в пищевую пленку. Ставим маркировку. Хранить в холодильнике, не с повышенной влажностью.;;31.01.2024 12:53;1061315;1050784;;1.000;1.0;;;05.02.2024 10:51;1123392;893504;;1.000;;;;12.02.2024 07:12;1123392;893033;;0.285;0.285;;;12.02.2024 07:12;1123392;893029;;0.011;0.011;;;12.02.2024 07:12;1123392;893043;;0.041;0.041;;;12.02.2024 07:12;1123393;893033;;0.525;0.525;;;12.02.2024 07:12;1123393;893029;;0.021;0.021;;;12.02.2024 07:12;1123393;932928;;1.000;;;;12.02.2024 07:12;1123393;893043;;0.071;0.071;;;12.02.2024 07:12;1119454;893029;;0.021;0.021;;;16.01.2024 20:20;1119454;893033;;0.335;0.335;;;16.01.2024 20:20;1119454;893503;;1.000;;;;16.01.2024 20:20;1119453;893029;;0.021;0.021;;;12.02.2024 07:12;1119453;893033;;0.285;0.285;;;12.02.2024 07:12;1119453;932927;;1.000;;;;12.02.2024 07:12;1119452;893029;;0.011;0.011;;;12.02.2024 07:12;1119452;893033;;0.185;0.185;;;12.02.2024 07:12;1119452;893502;;1.000;;;;12.02.2024 07:12;1123379;893504;;1.000;;;;21.01.2024 19:31;1123379;893033;;0.285;0.285;;;21.01.2024 19:31;1123379;893029;;0.011;0.011;;;21.01.2024 19:31;1123379;893043;;0.041;0.041;;;21.01.2024 19:31;1123378;893033;;0.525;0.525;;;21.01.2024 19:29;1123378;893029;;0.021;0.021;;;21.01.2024 19:29;1123378;932928;;1.000;;;;21.01.2024 19:29;1123378;893043;;0.071;0.071;;;21.01.2024 19:29;962308;962278;;1.000;1.0;;;07.12.2023 04:44;1061311;991360;;1.000;1.0;;;26.01.2024 15:05;1061313;1061311;;1.000;1.0;;;01.02.2024 06:06;1061298;1046397;;1.000;1.0;;;03.02.2024 06:58;1061298;962260;;3.000;3.0;;;03.02.2024 06:58;1061298;962268;;0.002;0.002;;;03.02.2024 06:58;935256;893042;;0.011;0.011;;;25.10.2023 13:46;935257;893042;;0.015;0.015;;;25.10.2023 13:48;1042190;962336;;20.000;20.0;;;04.11.2023 05:33;1119465;893029;;0.021;0.021;;;16.01.2024 20:19;1119465;893033;;0.355;0.355;;;16.01.2024 20:19;1119465;893503;;1.000;;;;16.01.2024 20:19;1119465;893032;;0.040;0.04;;;16.01.2024 20:19;1119464;893029;;0.021;0.021;;;16.01.2024 20:18;1119464;893033;;0.305;0.305;;;16.01.2024 20:18;1119464;932927;;1.000;;;;16.01.2024 20:18;1119464;893032;;0.030;0.03;;;16.01.2024 20:18;1119462;893029;;0.011;0.011;;;16.01.2024 20:17;1119462;893033;;0.205;0.205;;;16.01.2024 20:17;1119462;893502;;1.000;;;;16.01.2024 20:17;1119462;893032;;0.020;0.02;;;16.01.2024 20:17;935261;962311;;0.100;0.1;;;25.10.2023 13:51;935260;893033;;0.050;0.05;;;25.10.2023 13:54;1061305;1013576;;1.000;1.0;;;26.01.2024 15:04;1061307;1061305;;1.000;1.0;;;01.02.2024 06:06;1083009;1042190;;0.066;0.066;;;05.12.2023 09:01;1083009;1047313;;0.060;;;;05.12.2023 09:01;1083009;962266;;0.002;0.002;;;05.12.2023 09:01;1083009;962268;;0.001;0.001;;;05.12.2023 09:01;1148685;893043;;1.000;1.0;;;16.02.2024 12:03;1019302;962260;;0.100;0.1;Смешиваем все ингредиенты до однородной консистенции (вода и сахар);;07.12.2023 04:47;1019302;962269;;0.010;0.01;Смешиваем все ингредиенты до однородной консистенции (вода и сахар);;07.12.2023 04:47;1019284;962260;;0.100;0.1;Смешиваем все ингредиенты до однородной консистенции 
(вода, сахар, коньяк, кофе растворимый);;14.12.2023 03:59;1019284;962269;;0.010;0.01;Смешиваем все ингредиенты до однородной консистенции 
(вода, сахар, коньяк, кофе растворимый);;14.12.2023 03:59;1019284;1019300;;0.010;0.01;Смешиваем все ингредиенты до однородной консистенции 
(вода, сахар, коньяк, кофе растворимый);;14.12.2023 03:59;1019284;1019299;;0.002;0.002;Смешиваем все ингредиенты до однородной консистенции 
(вода, сахар, коньяк, кофе растворимый);;14.12.2023 03:59;1119459;893029;;0.021;0.021;;;16.01.2024 20:10;1119459;893033;;0.157;0.157;;;16.01.2024 20:10;1119459;893034;;0.157;0.157;;;16.01.2024 20:10;1119459;893037;;0.025;0.025;;;16.01.2024 20:10;1119459;893503;;1.000;;;;16.01.2024 20:10;1119457;893029;;0.021;0.021;;;16.01.2024 20:08;1119457;893033;;0.137;0.137;;;16.01.2024 20:08;1119457;893034;;0.137;0.137;;;16.01.2024 20:08;1119457;893037;;0.020;0.02;;;16.01.2024 20:08;1119457;932927;;1.000;;;;16.01.2024 20:08;1119455;893029;;0.011;0.011;;;16.01.2024 20:04;1119455;893033;;0.077;0.077;;;16.01.2024 20:04;1119455;893502;;1.000;;;;16.01.2024 20:04;1119455;893034;;0.077;0.077;;;16.01.2024 20:04;1119455;893037;;0.010;0.01;;;16.01.2024 20:04;1123307;893504;;1.000;;;;21.01.2024 19:32;1123307;893033;;0.260;0.26;;;21.01.2024 19:32;1123307;893029;;0.011;0.011;;;21.01.2024 19:32;1123307;893048;;0.026;0.026;;;21.01.2024 19:32;1123371;893033;;0.480;0.48;;;21.01.2024 19:32;1123371;893029;;0.021;0.021;;;21.01.2024 19:32;1123371;893048;;0.046;0.046;;;21.01.2024 19:32;1123371;932928;;1.000;;;;21.01.2024 19:32;1123400;893504;;1.000;;;;21.01.2024 20:11;1123400;893033;;0.285;0.285;;;21.01.2024 20:11;1123400;893029;;0.011;0.011;;;21.01.2024 20:11;1123400;1086263;;0.026;0.026;;;21.01.2024 20:11;1123401;893033;;0.525;0.525;;;21.01.2024 20:11;1123401;893029;;0.021;0.021;;;21.01.2024 20:11;1123401;932928;;1.000;;;;21.01.2024 20:11;1123401;1086263;;0.046;0.046;;;21.01.2024 20:11;1123384;893504;;1.000;;;;21.01.2024 19:44;1123384;893033;;0.132;0.132;;;21.01.2024 19:44;1123384;893029;;0.011;0.011;;;21.01.2024 19:44;1123384;893034;;0.132;0.132;;;21.01.2024 19:44;1123384;893043;;0.041;0.041;;;21.01.2024 19:44;1123385;893033;;0.222;0.222;;;21.01.2024 19:46;1123385;893029;;0.021;0.021;;;21.01.2024 19:46;1123385;932928;;1.000;;;;21.01.2024 19:46;1123385;893043;;0.071;0.071;;;21.01.2024 19:46;1123385;893034;;0.222;0.222;;;21.01.2024 19:46;1061296;1047286;;1.000;1.0;;;28.01.2024 07:52;1061296;962260;;2.000;2.0;;;28.01.2024 07:52;1061296;962268;;0.020;0.02;;;28.01.2024 07:52;1102100;1061296;;0.160;0.16;;;26.12.2023 07:13;1102100;1046387;;0.011;0.011;;;26.12.2023 07:13;1102100;1046391;;0.007;0.007;;;26.12.2023 07:13;1102100;962266;;0.002;0.002;;;26.12.2023 07:13;1102100;962312;;0.002;0.002;;;26.12.2023 07:13;1102100;962268;;0.001;0.001;;;26.12.2023 07:13;1102100;1014148;;0.025;0.025;;;26.12.2023 07:13;1149499;962257;;0.040;0.04;;;28.02.2024 07:53;1149499;962256;;0.038;0.038;;;28.02.2024 07:53;1149499;1149490;;0.016;0.016;;;28.02.2024 07:53;1149499;962254;;0.021;0.021;;;28.02.2024 07:53;1149499;1014148;;0.015;0.015;;;28.02.2024 07:53;1149499;1149503;;0.030;0.03;;;28.02.2024 07:53;1149499;962276;;0.001;0.001;;;28.02.2024 07:53;1149499;962266;;0.002;0.002;;;28.02.2024 07:53;1149499;1149493;;1.000;;;;28.02.2024 07:53;1149499;1149496;;1.000;;;;28.02.2024 07:53;1149499;1149497;;1.000;;;;28.02.2024 07:53;935254;893037;;0.010;0.01;;;25.10.2023 13:56;1031735;893037;;0.020;0.02;;;25.10.2023 13:56;935255;893037;;0.025;0.025;;;05.12.2023 09:03;935262;893034;;0.050;0.05;;;25.10.2023 13:58;1150210;1014133;;0.050;0.05;;;21.02.2024 10:22;1150210;962256;;0.032;0.032;;;21.02.2024 10:22;1150210;1091884;;0.015;0.015;;;21.02.2024 10:22;1150210;1042190;;0.002;0.002;;;21.02.2024 10:22;1150210;962266;;0.002;0.002;;;21.02.2024 10:22;1150210;962310;;0.002;0.002;;;21.02.2024 10:22;962303;962266;;0.690;0.69;"Охлажденные желтки пробиваем погружным блендером вместе с горчицей ""Русская"" И чесноком. Когда чеснок весь хорошо ""пробился"" тонкой струйкой вливаем подсолнечное масло не переставая пробивать блендером. Когда масса загустела, добавить соевый соус, горчицу зернистую, лимонный сок, сахар и перемешать. Хранить в плотно закрытом контейнере в холодильнике.";;14.12.2023 07:37;962303;962283;;0.086;0.086;"Охлажденные желтки пробиваем погружным блендером вместе с горчицей ""Русская"" И чесноком. Когда чеснок весь хорошо ""пробился"" тонкой струйкой вливаем подсолнечное масло не переставая пробивать блендером. Когда масса загустела, добавить соевый соус, горчицу зернистую, лимонный сок, сахар и перемешать. Хранить в плотно закрытом контейнере в холодильнике.";;14.12.2023 07:37;962303;962273;;0.086;0.086;"Охлажденные желтки пробиваем погружным блендером вместе с горчицей ""Русская"" И чесноком. Когда чеснок весь хорошо ""пробился"" тонкой струйкой вливаем подсолнечное масло не переставая пробивать блендером. Когда масса загустела, добавить соевый соус, горчицу зернистую, лимонный сок, сахар и перемешать. Хранить в плотно закрытом контейнере в холодильнике.";;14.12.2023 07:37;962303;962275;;0.052;0.052;"Охлажденные желтки пробиваем погружным блендером вместе с горчицей ""Русская"" И чесноком. Когда чеснок весь хорошо ""пробился"" тонкой струйкой вливаем подсолнечное масло не переставая пробивать блендером. Когда масса загустела, добавить соевый соус, горчицу зернистую, лимонный сок, сахар и перемешать. Хранить в плотно закрытом контейнере в холодильнике.";;14.12.2023 07:37;962303;962276;;0.008;0.008;"Охлажденные желтки пробиваем погружным блендером вместе с горчицей ""Русская"" И чесноком. Когда чеснок весь хорошо ""пробился"" тонкой струйкой вливаем подсолнечное масло не переставая пробивать блендером. Когда масса загустела, добавить соевый соус, горчицу зернистую, лимонный сок, сахар и перемешать. Хранить в плотно закрытом контейнере в холодильнике.";;14.12.2023 07:37;962303;962308;;0.008;0.008;"Охлажденные желтки пробиваем погружным блендером вместе с горчицей ""Русская"" И чесноком. Когда чеснок весь хорошо ""пробился"" тонкой струйкой вливаем подсолнечное масло не переставая пробивать блендером. Когда масса загустела, добавить соевый соус, горчицу зернистую, лимонный сок, сахар и перемешать. Хранить в плотно закрытом контейнере в холодильнике.";;14.12.2023 07:37;962303;1094532;;0.069;0.069;"Охлажденные желтки пробиваем погружным блендером вместе с горчицей ""Русская"" И чесноком. Когда чеснок весь хорошо ""пробился"" тонкой струйкой вливаем подсолнечное масло не переставая пробивать блендером. Когда масса загустела, добавить соевый соус, горчицу зернистую, лимонный сок, сахар и перемешать. Хранить в плотно закрытом контейнере в холодильнике.";;14.12.2023 07:37;1149503;1149492;;0.960;0.96;;;26.02.2024 07:36;1149503;962275;;0.030;0.03;;;26.02.2024 07:36;1149503;962276;;0.010;0.01;;;26.02.2024 07:36;1149503;1153217;;0.150;0.15;;;26.02.2024 07:36;1091884;962303;;0.700;0.7;;;12.12.2023 09:59;1091884;1009776;;0.300;0.3;;;12.12.2023 09:59;1043011;1009743;;0.300;0.3;"Охлажденные желтки пробиваем погружным блендером вместе с горчицей ""Русская"" И чесноком. Когда чеснок весь хорошо ""пробился"" тонкой струйкой вливаем подсолнечное масло не переставая пробивать блендером, так же кладем соленый огурец, продолжаем пробивать блендером. Когда масса загустела, добавить соевый соус, горчицу зернистую, лимонный сок, сахар и перемешать. Хранить в плотно закрытом контейнере в холодильнике.";;13.11.2023 07:21;1043011;962303;;0.700;0.7;"Охлажденные желтки пробиваем погружным блендером вместе с горчицей ""Русская"" И чесноком. Когда чеснок весь хорошо ""пробился"" тонкой струйкой вливаем подсолнечное масло не переставая пробивать блендером, так же кладем соленый огурец, продолжаем пробивать блендером. Когда масса загустела, добавить соевый соус, горчицу зернистую, лимонный сок, сахар и перемешать. Хранить в плотно закрытом контейнере в холодильнике.";;13.11.2023 07:21;1082981;1061307;;0.012;0.012;;;24.02.2024 08:32;1082981;1061313;;0.012;0.012;;;24.02.2024 08:32;1082981;962268;;0.001;0.001;;;24.02.2024 08:32;1082981;962266;;0.003;0.003;;;24.02.2024 08:32;1082981;962312;;0.003;0.003;;;24.02.2024 08:32;1082981;962254;;0.000;0.0;;;24.02.2024 08:32;1082981;962276;;0.002;0.002;;;24.02.2024 08:32;1082981;1009748;;0.006;0.006;;;24.02.2024 08:32;1047360;1014148;;0.045;0.045;;;10.11.2023 09:51;1047360;962303;;0.010;0.01;;;10.11.2023 09:51;1047360;962257;;0.010;0.01;;;10.11.2023 09:51;1047360;962256;;0.025;0.025;;;10.11.2023 09:51;1047360;962254;;0.015;0.015;;;10.11.2023 09:51;1047360;962250;;0.015;0.015;;;10.11.2023 09:51;1047360;1034324;;9.000;;;;10.11.2023 09:51;1047362;1014148;;0.045;0.045;;;10.11.2023 09:51;1047362;962303;;0.010;0.01;;;10.11.2023 09:51;1047362;962257;;0.010;0.01;;;10.11.2023 09:51;1047362;962254;;0.015;0.015;;;10.11.2023 09:51;1047362;962250;;0.015;0.015;;;10.11.2023 09:51;1047362;962323;;0.025;0.025;;;10.11.2023 09:51;1047362;1034324;;9.000;;;;10.11.2023 09:51;1030619;962303;;0.015;0.015;Нарезаем хлеб на ширину 12мм, обжариваем квадраты на гриле с двух сторон до золотистой корочки, охлаждаем. Выкладываем на квадрат листья айсберга по всему периметру. Далее наливаем по всему периметру по весу соус. Выкладываем следом слайсы ветчины, следом идет томат слайсы и далее слайсы огурца. Закрываем вторым квадратом поджаренным хлебом и слегка придавливаем. Разрезаем по диагонали и упаковываем в упаковку для сэндвича. Маркируем и подписываем.;;13.02.2024 08:56;1030619;962257;;0.011;0.011;Нарезаем хлеб на ширину 12мм, обжариваем квадраты на гриле с двух сторон до золотистой корочки, охлаждаем. Выкладываем на квадрат листья айсберга по всему периметру. Далее наливаем по всему периметру по весу соус. Выкладываем следом слайсы ветчины, следом идет томат слайсы и далее слайсы огурца. Закрываем вторым квадратом поджаренным хлебом и слегка придавливаем. Разрезаем по диагонали и упаковываем в упаковку для сэндвича. Маркируем и подписываем.;;13.02.2024 08:56;1030619;1009777;;0.026;0.026;Нарезаем хлеб на ширину 12мм, обжариваем квадраты на гриле с двух сторон до золотистой корочки, охлаждаем. Выкладываем на квадрат листья айсберга по всему периметру. Далее наливаем по всему периметру по весу соус. Выкладываем следом слайсы ветчины, следом идет томат слайсы и далее слайсы огурца. Закрываем вторым квадратом поджаренным хлебом и слегка придавливаем. Разрезаем по диагонали и упаковываем в упаковку для сэндвича. Маркируем и подписываем.;;13.02.2024 08:56;1030619;962254;;0.016;0.016;Нарезаем хлеб на ширину 12мм, обжариваем квадраты на гриле с двух сторон до золотистой корочки, охлаждаем. Выкладываем на квадрат листья айсберга по всему периметру. Далее наливаем по всему периметру по весу соус. Выкладываем следом слайсы ветчины, следом идет томат слайсы и далее слайсы огурца. Закрываем вторым квадратом поджаренным хлебом и слегка придавливаем. Разрезаем по диагонали и упаковываем в упаковку для сэндвича. Маркируем и подписываем.;;13.02.2024 08:56;1030619;962250;;0.016;0.016;Нарезаем хлеб на ширину 12мм, обжариваем квадраты на гриле с двух сторон до золотистой корочки, охлаждаем. Выкладываем на квадрат листья айсберга по всему периметру. Далее наливаем по всему периметру по весу соус. Выкладываем следом слайсы ветчины, следом идет томат слайсы и далее слайсы огурца. Закрываем вторым квадратом поджаренным хлебом и слегка придавливаем. Разрезаем по диагонали и упаковываем в упаковку для сэндвича. Маркируем и подписываем.;;13.02.2024 08:56;1030619;1014148;;0.045;0.045;Нарезаем хлеб на ширину 12мм, обжариваем квадраты на гриле с двух сторон до золотистой корочки, охлаждаем. Выкладываем на квадрат листья айсберга по всему периметру. Далее наливаем по всему периметру по весу соус. Выкладываем следом слайсы ветчины, следом идет томат слайсы и далее слайсы огурца. Закрываем вторым квадратом поджаренным хлебом и слегка придавливаем. Разрезаем по диагонали и упаковываем в упаковку для сэндвича. Маркируем и подписываем.;;13.02.2024 08:56;1030619;1020716;;1.000;;Нарезаем хлеб на ширину 12мм, обжариваем квадраты на гриле с двух сторон до золотистой корочки, охлаждаем. Выкладываем на квадрат листья айсберга по всему периметру. Далее наливаем по всему периметру по весу соус. Выкладываем следом слайсы ветчины, следом идет томат слайсы и далее слайсы огурца. Закрываем вторым квадратом поджаренным хлебом и слегка придавливаем. Разрезаем по диагонали и упаковываем в упаковку для сэндвича. Маркируем и подписываем.;;13.02.2024 08:56;899918;962303;;0.015;0.015;Нарезаем хлеб на ширину 12мм, обжариваем квадраты на гриле с двух сторон до золотистой корочки, охлаждаем. Выкладываем на квадрат листья айсберга по всему периметру. Далее наливаем по всему периметру по весу соус. Выкладываем следом слайсы куриной грудки, следом идет томат слайсы и далее слайсы огурца. Закрываем вторым квадратом поджаренным хлебом и слегка придавливаем. Разрезаем по диагонали и упаковываем в упаковку для сэндвича. Маркируем и подписываем.;;13.02.2024 08:53;899918;962257;;0.011;0.011;Нарезаем хлеб на ширину 12мм, обжариваем квадраты на гриле с двух сторон до золотистой корочки, охлаждаем. Выкладываем на квадрат листья айсберга по всему периметру. Далее наливаем по всему периметру по весу соус. Выкладываем следом слайсы куриной грудки, следом идет томат слайсы и далее слайсы огурца. Закрываем вторым квадратом поджаренным хлебом и слегка придавливаем. Разрезаем по диагонали и упаковываем в упаковку для сэндвича. Маркируем и подписываем.;;13.02.2024 08:53;899918;962256;;0.028;0.028;Нарезаем хлеб на ширину 12мм, обжариваем квадраты на гриле с двух сторон до золотистой корочки, охлаждаем. Выкладываем на квадрат листья айсберга по всему периметру. Далее наливаем по всему периметру по весу соус. Выкладываем следом слайсы куриной грудки, следом идет томат слайсы и далее слайсы огурца. Закрываем вторым квадратом поджаренным хлебом и слегка придавливаем. Разрезаем по диагонали и упаковываем в упаковку для сэндвича. Маркируем и подписываем.;;13.02.2024 08:53;899918;962254;;0.016;0.016;Нарезаем хлеб на ширину 12мм, обжариваем квадраты на гриле с двух сторон до золотистой корочки, охлаждаем. Выкладываем на квадрат листья айсберга по всему периметру. Далее наливаем по всему периметру по весу соус. Выкладываем следом слайсы куриной грудки, следом идет томат слайсы и далее слайсы огурца. Закрываем вторым квадратом поджаренным хлебом и слегка придавливаем. Разрезаем по диагонали и упаковываем в упаковку для сэндвича. Маркируем и подписываем.;;13.02.2024 08:53;899918;962250;;0.016;0.016;Нарезаем хлеб на ширину 12мм, обжариваем квадраты на гриле с двух сторон до золотистой корочки, охлаждаем. Выкладываем на квадрат листья айсберга по всему периметру. Далее наливаем по всему периметру по весу соус. Выкладываем следом слайсы куриной грудки, следом идет томат слайсы и далее слайсы огурца. Закрываем вторым квадратом поджаренным хлебом и слегка придавливаем. Разрезаем по диагонали и упаковываем в упаковку для сэндвича. Маркируем и подписываем.;;13.02.2024 08:53;899918;1014148;;0.045;0.045;Нарезаем хлеб на ширину 12мм, обжариваем квадраты на гриле с двух сторон до золотистой корочки, охлаждаем. Выкладываем на квадрат листья айсберга по всему периметру. Далее наливаем по всему периметру по весу соус. Выкладываем следом слайсы куриной грудки, следом идет томат слайсы и далее слайсы огурца. Закрываем вторым квадратом поджаренным хлебом и слегка придавливаем. Разрезаем по диагонали и упаковываем в упаковку для сэндвича. Маркируем и подписываем.;;13.02.2024 08:53;899918;1020716;;1.000;;Нарезаем хлеб на ширину 12мм, обжариваем квадраты на гриле с двух сторон до золотистой корочки, охлаждаем. Выкладываем на квадрат листья айсберга по всему периметру. Далее наливаем по всему периметру по весу соус. Выкладываем следом слайсы куриной грудки, следом идет томат слайсы и далее слайсы огурца. Закрываем вторым квадратом поджаренным хлебом и слегка придавливаем. Разрезаем по диагонали и упаковываем в упаковку для сэндвича. Маркируем и подписываем.;;13.02.2024 08:53;962314;962310;;0.550;0.55;;;09.02.2024 10:56;962314;962311;;0.250;0.25;;;09.02.2024 10:56;962314;962312;;0.100;0.1;;;09.02.2024 10:56;962314;962269;;0.065;0.065;;;09.02.2024 10:56;962314;962313;;0.022;0.022;;;09.02.2024 10:56;962314;962268;;0.010;0.01;;;09.02.2024 10:56;962314;1094532;;0.090;0.09;;;09.02.2024 10:56;1108153;962310;;0.550;0.55;;;09.02.2024 10:51;1108153;893034;;0.250;0.25;;;09.02.2024 10:51;1108153;962312;;0.100;0.1;;;09.02.2024 10:51;1108153;962269;;0.065;0.065;;;09.02.2024 10:51;1108153;962313;;0.022;0.022;;;09.02.2024 10:51;1108153;962268;;0.010;0.01;;;09.02.2024 10:51;1108153;1094532;;0.090;0.09;;;09.02.2024 10:51;1137719;962310;;0.600;0.6;;;07.02.2024 07:54;1137719;1137629;;0.400;0.4;;;07.02.2024 07:54;1137719;962313;;0.015;0.015;;;07.02.2024 07:54;1137719;962269;;0.025;0.025;;;07.02.2024 07:54;1137719;1009684;;0.001;0.001;;;07.02.2024 07:54;1137719;962266;;0.070;0.07;;;07.02.2024 07:54;1137719;962268;;0.003;0.003;;;07.02.2024 07:54;962344;962310;;0.500;0.5;Яйцо растереть с сахаром, что бы сахар растворился. Далее кладем все ингредиенты по технологической карте и вымешиваем до однородного состояния. Даем тесту охладиться в холодильнике. Полностью охлаждённое тесто готово к использованию;;14.12.2023 03:56;962344;962334;;0.500;0.5;Яйцо растереть с сахаром, что бы сахар растворился. Далее кладем все ингредиенты по технологической карте и вымешиваем до однородного состояния. Даем тесту охладиться в холодильнике. Полностью охлаждённое тесто готово к использованию;;14.12.2023 03:56;962344;962269;;0.340;0.34;Яйцо растереть с сахаром, что бы сахар растворился. Далее кладем все ингредиенты по технологической карте и вымешиваем до однородного состояния. Даем тесту охладиться в холодильнике. Полностью охлаждённое тесто готово к использованию;;14.12.2023 03:56;962344;962336;;3.500;3.5;Яйцо растереть с сахаром, что бы сахар растворился. Далее кладем все ингредиенты по технологической карте и вымешиваем до однородного состояния. Даем тесту охладиться в холодильнике. Полностью охлаждённое тесто готово к использованию;;14.12.2023 03:56;962344;962339;;0.020;0.02;Яйцо растереть с сахаром, что бы сахар растворился. Далее кладем все ингредиенты по технологической карте и вымешиваем до однородного состояния. Даем тесту охладиться в холодильнике. Полностью охлаждённое тесто готово к использованию;;14.12.2023 03:56;962344;962342;;0.002;0.002;Яйцо растереть с сахаром, что бы сахар растворился. Далее кладем все ингредиенты по технологической карте и вымешиваем до однородного состояния. Даем тесту охладиться в холодильнике. Полностью охлаждённое тесто готово к использованию;;14.12.2023 03:56;962344;962312;;0.680;0.68;Яйцо растереть с сахаром, что бы сахар растворился. Далее кладем все ингредиенты по технологической карте и вымешиваем до однородного состояния. Даем тесту охладиться в холодильнике. Полностью охлаждённое тесто готово к использованию;;14.12.2023 03:56;899924;1012487;;0.025;0.025;В форму для трайфла наливаем 1ст ложку крема для тирамису, сверху кладем квадрат бисквита промоченный 1-2 секунды в кофейно-коньячной пропитке, такую комбинацию делаем 3 раза. На последнем слое крема, крем добавляем по весам (чтобы общий вес в стаканчике был 99гр), вытираем края стаканчика, посыпаем какао через ситечко. Вытираем аккуратно края от какао, закрываем крышечкой.;;28.11.2023 08:31;899924;1019284;;0.008;0.008;В форму для трайфла наливаем 1ст ложку крема для тирамису, сверху кладем квадрат бисквита промоченный 1-2 секунды в кофейно-коньячной пропитке, такую комбинацию делаем 3 раза. На последнем слое крема, крем добавляем по весам (чтобы общий вес в стаканчике был 99гр), вытираем края стаканчика, посыпаем какао через ситечко. Вытираем аккуратно края от какао, закрываем крышечкой.;;28.11.2023 08:31;899924;1012483;;0.065;0.065;В форму для трайфла наливаем 1ст ложку крема для тирамису, сверху кладем квадрат бисквита промоченный 1-2 секунды в кофейно-коньячной пропитке, такую комбинацию делаем 3 раза. На последнем слое крема, крем добавляем по весам (чтобы общий вес в стаканчике был 99гр), вытираем края стаканчика, посыпаем какао через ситечко. Вытираем аккуратно края от какао, закрываем крышечкой.;;28.11.2023 08:31;899924;962636;;0.002;0.002;В форму для трайфла наливаем 1ст ложку крема для тирамису, сверху кладем квадрат бисквита промоченный 1-2 секунды в кофейно-коньячной пропитке, такую комбинацию делаем 3 раза. На последнем слое крема, крем добавляем по весам (чтобы общий вес в стаканчике был 99гр), вытираем края стаканчика, посыпаем какао через ситечко. Вытираем аккуратно края от какао, закрываем крышечкой.;;28.11.2023 08:31;899924;1023551;;1.000;;В форму для трайфла наливаем 1ст ложку крема для тирамису, сверху кладем квадрат бисквита промоченный 1-2 секунды в кофейно-коньячной пропитке, такую комбинацию делаем 3 раза. На последнем слое крема, крем добавляем по весам (чтобы общий вес в стаканчике был 99гр), вытираем края стаканчика, посыпаем какао через ситечко. Вытираем аккуратно края от какао, закрываем крышечкой.;;28.11.2023 08:31;899924;1023553;;1.000;;В форму для трайфла наливаем 1ст ложку крема для тирамису, сверху кладем квадрат бисквита промоченный 1-2 секунды в кофейно-коньячной пропитке, такую комбинацию делаем 3 раза. На последнем слое крема, крем добавляем по весам (чтобы общий вес в стаканчике был 99гр), вытираем края стаканчика, посыпаем какао через ситечко. Вытираем аккуратно края от какао, закрываем крышечкой.;;28.11.2023 08:31;1047353;1012487;;0.005;0.005;;;10.11.2023 09:52;1047353;1012483;;0.020;0.02;;;10.11.2023 09:52;1047353;1009757;;0.010;0.01;;;10.11.2023 09:52;1047353;1019302;;0.003;0.003;;;10.11.2023 09:52;1047353;962353;;0.003;0.003;;;10.11.2023 09:52;1047353;1013613;;0.010;0.01;;;10.11.2023 09:52;1047353;1032031;;1.000;;;;10.11.2023 09:52;1019311;1012487;;0.010;0.01;Трайфл (клубника, апельсин одинаковые технологии приготовления, отличаются только конфитюром) 
В форму для трайфла наливаем 1ст ложку крема для тирамису, сверху кладем квадратик бисквита промоченный 1-2 сек в классической пропитке. Далее наливаем так же ложку крема для тирамису Сверху на него из кондитерского мешка наливаем конфитюр, делая акцент больше к краям формочки. Далее доливаем сверху крем для тирамису по весам (что бы общий вес в стаканчике был равен 80гр). Далее сверху из кондитерского мешка делаем розочку крем Чиз до 99гр и посыпаем измельченным шоколадом. Вытираем края формочки, закрываем крышечкой.;;18.10.2023 09:46;1019311;1012483;;0.040;0.04;Трайфл (клубника, апельсин одинаковые технологии приготовления, отличаются только конфитюром) 
В форму для трайфла наливаем 1ст ложку крема для тирамису, сверху кладем квадратик бисквита промоченный 1-2 сек в классической пропитке. Далее наливаем так же ложку крема для тирамису Сверху на него из кондитерского мешка наливаем конфитюр, делая акцент больше к краям формочки. Далее доливаем сверху крем для тирамису по весам (что бы общий вес в стаканчике был равен 80гр). Далее сверху из кондитерского мешка делаем розочку крем Чиз до 99гр и посыпаем измельченным шоколадом. Вытираем края формочки, закрываем крышечкой.;;18.10.2023 09:46;1019311;1009757;;0.020;0.02;Трайфл (клубника, апельсин одинаковые технологии приготовления, отличаются только конфитюром) 
В форму для трайфла наливаем 1ст ложку крема для тирамису, сверху кладем квадратик бисквита промоченный 1-2 сек в классической пропитке. Далее наливаем так же ложку крема для тирамису Сверху на него из кондитерского мешка наливаем конфитюр, делая акцент больше к краям формочки. Далее доливаем сверху крем для тирамису по весам (что бы общий вес в стаканчике был равен 80гр). Далее сверху из кондитерского мешка делаем розочку крем Чиз до 99гр и посыпаем измельченным шоколадом. Вытираем края формочки, закрываем крышечкой.;;18.10.2023 09:46;1019311;1013613;;0.020;0.02;Трайфл (клубника, апельсин одинаковые технологии приготовления, отличаются только конфитюром) 
В форму для трайфла наливаем 1ст ложку крема для тирамису, сверху кладем квадратик бисквита промоченный 1-2 сек в классической пропитке. Далее наливаем так же ложку крема для тирамису Сверху на него из кондитерского мешка наливаем конфитюр, делая акцент больше к краям формочки. Далее доливаем сверху крем для тирамису по весам (что бы общий вес в стаканчике был равен 80гр). Далее сверху из кондитерского мешка делаем розочку крем Чиз до 99гр и посыпаем измельченным шоколадом. Вытираем края формочки, закрываем крышечкой.;;18.10.2023 09:46;1019311;1019302;;0.005;0.005;Трайфл (клубника, апельсин одинаковые технологии приготовления, отличаются только конфитюром) 
В форму для трайфла наливаем 1ст ложку крема для тирамису, сверху кладем квадратик бисквита промоченный 1-2 сек в классической пропитке. Далее наливаем так же ложку крема для тирамису Сверху на него из кондитерского мешка наливаем конфитюр, делая акцент больше к краям формочки. Далее доливаем сверху крем для тирамису по весам (что бы общий вес в стаканчике был равен 80гр). Далее сверху из кондитерского мешка делаем розочку крем Чиз до 99гр и посыпаем измельченным шоколадом. Вытираем края формочки, закрываем крышечкой.;;18.10.2023 09:46;1019311;962353;;0.005;0.005;Трайфл (клубника, апельсин одинаковые технологии приготовления, отличаются только конфитюром) 
В форму для трайфла наливаем 1ст ложку крема для тирамису, сверху кладем квадратик бисквита промоченный 1-2 сек в классической пропитке. Далее наливаем так же ложку крема для тирамису Сверху на него из кондитерского мешка наливаем конфитюр, делая акцент больше к краям формочки. Далее доливаем сверху крем для тирамису по весам (что бы общий вес в стаканчике был равен 80гр). Далее сверху из кондитерского мешка делаем розочку крем Чиз до 99гр и посыпаем измельченным шоколадом. Вытираем края формочки, закрываем крышечкой.;;18.10.2023 09:46;1019311;1023551;;1.000;;Трайфл (клубника, апельсин одинаковые технологии приготовления, отличаются только конфитюром) 
В форму для трайфла наливаем 1ст ложку крема для тирамису, сверху кладем квадратик бисквита промоченный 1-2 сек в классической пропитке. Далее наливаем так же ложку крема для тирамису Сверху на него из кондитерского мешка наливаем конфитюр, делая акцент больше к краям формочки. Далее доливаем сверху крем для тирамису по весам (что бы общий вес в стаканчике был равен 80гр). Далее сверху из кондитерского мешка делаем розочку крем Чиз до 99гр и посыпаем измельченным шоколадом. Вытираем края формочки, закрываем крышечкой.;;18.10.2023 09:46;1019311;1023553;;1.000;;Трайфл (клубника, апельсин одинаковые технологии приготовления, отличаются только конфитюром) 
В форму для трайфла наливаем 1ст ложку крема для тирамису, сверху кладем квадратик бисквита промоченный 1-2 сек в классической пропитке. Далее наливаем так же ложку крема для тирамису Сверху на него из кондитерского мешка наливаем конфитюр, делая акцент больше к краям формочки. Далее доливаем сверху крем для тирамису по весам (что бы общий вес в стаканчике был равен 80гр). Далее сверху из кондитерского мешка делаем розочку крем Чиз до 99гр и посыпаем измельченным шоколадом. Вытираем края формочки, закрываем крышечкой.;;18.10.2023 09:46;1047351;1012487;;0.005;0.005;;;10.11.2023 09:52;1047351;1012483;;0.020;0.02;;;10.11.2023 09:52;1047351;1009757;;0.010;0.01;;;10.11.2023 09:52;1047351;1013610;;0.010;0.01;;;10.11.2023 09:52;1047351;1019302;;0.003;0.003;;;10.11.2023 09:52;1047351;962353;;0.003;0.003;;;10.11.2023 09:52;1047351;1032031;;1.000;;;;10.11.2023 09:52;1019310;1012487;;0.010;0.01;Трайфл (клубника, апельсин одинаковые технологии приготовления, отличаются только конфитюром) 
В форму для трайфла наливаем 1ст ложку крема для тирамису, сверху кладем квадратик бисквита промоченный 1-2 сек в классической пропитке. Далее наливаем так же ложку крема для тирамису Сверху на него из кондитерского мешка наливаем конфитюр, делая акцент больше к краям формочки. Далее доливаем сверху крем для тирамису по весам (что бы общий вес в стаканчике был равен 80гр). Далее сверху из кондитерского мешка делаем розочку крем чиз до 99гр и посыпаем измельченным шоколадом. Вытираем края формочки, закрываем крышечкой.;;18.10.2023 09:46;1019310;1012483;;0.040;0.04;Трайфл (клубника, апельсин одинаковые технологии приготовления, отличаются только конфитюром) 
В форму для трайфла наливаем 1ст ложку крема для тирамису, сверху кладем квадратик бисквита промоченный 1-2 сек в классической пропитке. Далее наливаем так же ложку крема для тирамису Сверху на него из кондитерского мешка наливаем конфитюр, делая акцент больше к краям формочки. Далее доливаем сверху крем для тирамису по весам (что бы общий вес в стаканчике был равен 80гр). Далее сверху из кондитерского мешка делаем розочку крем чиз до 99гр и посыпаем измельченным шоколадом. Вытираем края формочки, закрываем крышечкой.;;18.10.2023 09:46;1019310;1009757;;0.020;0.02;Трайфл (клубника, апельсин одинаковые технологии приготовления, отличаются только конфитюром) 
В форму для трайфла наливаем 1ст ложку крема для тирамису, сверху кладем квадратик бисквита промоченный 1-2 сек в классической пропитке. Далее наливаем так же ложку крема для тирамису Сверху на него из кондитерского мешка наливаем конфитюр, делая акцент больше к краям формочки. Далее доливаем сверху крем для тирамису по весам (что бы общий вес в стаканчике был равен 80гр). Далее сверху из кондитерского мешка делаем розочку крем чиз до 99гр и посыпаем измельченным шоколадом. Вытираем края формочки, закрываем крышечкой.;;18.10.2023 09:46;1019310;1013610;;0.020;0.02;Трайфл (клубника, апельсин одинаковые технологии приготовления, отличаются только конфитюром) 
В форму для трайфла наливаем 1ст ложку крема для тирамису, сверху кладем квадратик бисквита промоченный 1-2 сек в классической пропитке. Далее наливаем так же ложку крема для тирамису Сверху на него из кондитерского мешка наливаем конфитюр, делая акцент больше к краям формочки. Далее доливаем сверху крем для тирамису по весам (что бы общий вес в стаканчике был равен 80гр). Далее сверху из кондитерского мешка делаем розочку крем чиз до 99гр и посыпаем измельченным шоколадом. Вытираем края формочки, закрываем крышечкой.;;18.10.2023 09:46;1019310;1019302;;0.005;0.005;Трайфл (клубника, апельсин одинаковые технологии приготовления, отличаются только конфитюром) 
В форму для трайфла наливаем 1ст ложку крема для тирамису, сверху кладем квадратик бисквита промоченный 1-2 сек в классической пропитке. Далее наливаем так же ложку крема для тирамису Сверху на него из кондитерского мешка наливаем конфитюр, делая акцент больше к краям формочки. Далее доливаем сверху крем для тирамису по весам (что бы общий вес в стаканчике был равен 80гр). Далее сверху из кондитерского мешка делаем розочку крем чиз до 99гр и посыпаем измельченным шоколадом. Вытираем края формочки, закрываем крышечкой.;;18.10.2023 09:46;1019310;962353;;0.005;0.005;Трайфл (клубника, апельсин одинаковые технологии приготовления, отличаются только конфитюром) 
В форму для трайфла наливаем 1ст ложку крема для тирамису, сверху кладем квадратик бисквита промоченный 1-2 сек в классической пропитке. Далее наливаем так же ложку крема для тирамису Сверху на него из кондитерского мешка наливаем конфитюр, делая акцент больше к краям формочки. Далее доливаем сверху крем для тирамису по весам (что бы общий вес в стаканчике был равен 80гр). Далее сверху из кондитерского мешка делаем розочку крем чиз до 99гр и посыпаем измельченным шоколадом. Вытираем края формочки, закрываем крышечкой.;;18.10.2023 09:46;1019310;1023551;;1.000;;Трайфл (клубника, апельсин одинаковые технологии приготовления, отличаются только конфитюром) 
В форму для трайфла наливаем 1ст ложку крема для тирамису, сверху кладем квадратик бисквита промоченный 1-2 сек в классической пропитке. Далее наливаем так же ложку крема для тирамису Сверху на него из кондитерского мешка наливаем конфитюр, делая акцент больше к краям формочки. Далее доливаем сверху крем для тирамису по весам (что бы общий вес в стаканчике был равен 80гр). Далее сверху из кондитерского мешка делаем розочку крем чиз до 99гр и посыпаем измельченным шоколадом. Вытираем края формочки, закрываем крышечкой.;;18.10.2023 09:46;1019310;1023553;;1.000;;Трайфл (клубника, апельсин одинаковые технологии приготовления, отличаются только конфитюром) 
В форму для трайфла наливаем 1ст ложку крема для тирамису, сверху кладем квадратик бисквита промоченный 1-2 сек в классической пропитке. Далее наливаем так же ложку крема для тирамису Сверху на него из кондитерского мешка наливаем конфитюр, делая акцент больше к краям формочки. Далее доливаем сверху крем для тирамису по весам (что бы общий вес в стаканчике был равен 80гр). Далее сверху из кондитерского мешка делаем розочку крем чиз до 99гр и посыпаем измельченным шоколадом. Вытираем края формочки, закрываем крышечкой.;;18.10.2023 09:46;1119471;893029;;0.042;0.042;;;16.01.2024 20:27;1119471;893033;;0.335;0.335;;;16.01.2024 20:27;1119471;893503;;1.000;;;;16.01.2024 20:27;1119470;893029;;0.021;0.021;;;16.01.2024 20:26;1119470;893033;;0.185;0.185;;;16.01.2024 20:26;1119470;893502;;1.000;;;;16.01.2024 20:26;1123380;893504;;1.000;;;;21.01.2024 19:35;1123380;893029;;0.011;0.011;;;21.01.2024 19:35;1123380;893043;;0.031;0.031;;;21.01.2024 19:35;1123380;893034;;0.205;0.205;;;21.01.2024 19:35;1123381;893029;;0.021;0.021;;;31.01.2024 07:09;1123381;893043;;0.061;0.061;;;31.01.2024 07:09;1123381;893034;;0.305;0.305;;;31.01.2024 07:09;1123381;932928;;1.000;;;;31.01.2024 07:09;1014148;962314;;1.300;1.3;В подогретом молоке не более 40° растворить дрожжи, сахар, соль. Влить желтки, размешать. Постепенно добавляя просеянную муку, замешивается тесто. В самом конце кладем комнатной температуры сливочное масло и продолжаем вымешивать в тестомесе в течение 10 мин. Убираем в растоячный шкаф, для созревания. Тесто на хлеб нужно обмять 2 раза во время нахождения его в растоячном шкафу. 
Формование хлеба: готовое тесто (в большую форму) берем 1620гр и утрамбовываем на дно, убираем в растоячный шкаф, далее ждем когда поднимется почти до конца, закрываем крышкой и даем еще немного ему времени (примерно 10мин) для полного поднятия теста. Выпекаем при 180° 45мин. Далее достаем из форм и оставляем до полного остывания. Далее храним плотно упакованный хлеб в холодильнике.;;09.02.2024 11:06;1108158;1108153;;1.112;1.112;;;10.01.2024 08:30;963080;963078;;0.015;0.015;;;29.01.2024 09:28;1123383;893503;;1.000;;;;21.01.2024 19:42;1123383;893043;;0.051;0.051;;;21.01.2024 19:42;1123383;893030;;1.000;;;;21.01.2024 19:42;1123382;893503;;1.000;;;;21.01.2024 19:42;1123382;893043;;0.051;0.051;;;21.01.2024 19:42;1123382;893030;;1.000;;;;21.01.2024 19:42;950528;962344;;0.300;0.3;"Тесто на кукис распределить тонким пластом внутри кулинарного кольца, выпечь при температуре 180° в течение 10мин. Достаем и слегка приминаем, охлаждаем. 
В дежу кладем комнатной температуры творожный сыр, сахар, сливки, ванилин, взбиваем в миксере с насадкой ""лопата"", не прекращая взбивать вливаем тонкой струйкой сливки. После того как масса стала однородной, меняем насадку у миксера на "" Венчик"" Продолжаем взбивать и вводим по 1 яйцу. Периодически силиконовой лопаткой снимать крем с бортов и дна, что бы не было сырных комков. Дежу от миксера аккуратно стучим об стол дном, чтобы выпустить все пузырьки. Однородную массу вливаем в форму на корж, разравниваем лопаткой. Ставим в разогретую духовку на 220° на 10мин, далее скидываем температуру на 110°, выпекаем ровно 1ч с влажностью на 1 деление. Для колера в конце выпекания поднимаем температуру на 200° и жар на максимум, минут 5. Выключаем, даем полностью остыть, убираем на ночь в холодильник. Нарезаем ровно на 12 кусочков предварительно нож нагреть горелкой или подержать в горячей воде, вытираем нож каждый раз, перед тем как сделать новый разрез.";;29.01.2024 09:28;950528;962625;;0.600;0.6;"Тесто на кукис распределить тонким пластом внутри кулинарного кольца, выпечь при температуре 180° в течение 10мин. Достаем и слегка приминаем, охлаждаем. 
В дежу кладем комнатной температуры творожный сыр, сахар, сливки, ванилин, взбиваем в миксере с насадкой ""лопата"", не прекращая взбивать вливаем тонкой струйкой сливки. После того как масса стала однородной, меняем насадку у миксера на "" Венчик"" Продолжаем взбивать и вводим по 1 яйцу. Периодически силиконовой лопаткой снимать крем с бортов и дна, что бы не было сырных комков. Дежу от миксера аккуратно стучим об стол дном, чтобы выпустить все пузырьки. Однородную массу вливаем в форму на корж, разравниваем лопаткой. Ставим в разогретую духовку на 220° на 10мин, далее скидываем температуру на 110°, выпекаем ровно 1ч с влажностью на 1 деление. Для колера в конце выпекания поднимаем температуру на 200° и жар на максимум, минут 5. Выключаем, даем полностью остыть, убираем на ночь в холодильник. Нарезаем ровно на 12 кусочков предварительно нож нагреть горелкой или подержать в горячей воде, вытираем нож каждый раз, перед тем как сделать новый разрез.";;29.01.2024 09:28;950528;962269;;0.150;0.15;"Тесто на кукис распределить тонким пластом внутри кулинарного кольца, выпечь при температуре 180° в течение 10мин. Достаем и слегка приминаем, охлаждаем. 
В дежу кладем комнатной температуры творожный сыр, сахар, сливки, ванилин, взбиваем в миксере с насадкой ""лопата"", не прекращая взбивать вливаем тонкой струйкой сливки. После того как масса стала однородной, меняем насадку у миксера на "" Венчик"" Продолжаем взбивать и вводим по 1 яйцу. Периодически силиконовой лопаткой снимать крем с бортов и дна, что бы не было сырных комков. Дежу от миксера аккуратно стучим об стол дном, чтобы выпустить все пузырьки. Однородную массу вливаем в форму на корж, разравниваем лопаткой. Ставим в разогретую духовку на 220° на 10мин, далее скидываем температуру на 110°, выпекаем ровно 1ч с влажностью на 1 деление. Для колера в конце выпекания поднимаем температуру на 200° и жар на максимум, минут 5. Выключаем, даем полностью остыть, убираем на ночь в холодильник. Нарезаем ровно на 12 кусочков предварительно нож нагреть горелкой или подержать в горячей воде, вытираем нож каждый раз, перед тем как сделать новый разрез.";;29.01.2024 09:28;950528;962336;;3.000;3.0;"Тесто на кукис распределить тонким пластом внутри кулинарного кольца, выпечь при температуре 180° в течение 10мин. Достаем и слегка приминаем, охлаждаем. 
В дежу кладем комнатной температуры творожный сыр, сахар, сливки, ванилин, взбиваем в миксере с насадкой ""лопата"", не прекращая взбивать вливаем тонкой струйкой сливки. После того как масса стала однородной, меняем насадку у миксера на "" Венчик"" Продолжаем взбивать и вводим по 1 яйцу. Периодически силиконовой лопаткой снимать крем с бортов и дна, что бы не было сырных комков. Дежу от миксера аккуратно стучим об стол дном, чтобы выпустить все пузырьки. Однородную массу вливаем в форму на корж, разравниваем лопаткой. Ставим в разогретую духовку на 220° на 10мин, далее скидываем температуру на 110°, выпекаем ровно 1ч с влажностью на 1 деление. Для колера в конце выпекания поднимаем температуру на 200° и жар на максимум, минут 5. Выключаем, даем полностью остыть, убираем на ночь в холодильник. Нарезаем ровно на 12 кусочков предварительно нож нагреть горелкой или подержать в горячей воде, вытираем нож каждый раз, перед тем как сделать новый разрез.";;29.01.2024 09:28;950528;962342;;0.002;0.002;"Тесто на кукис распределить тонким пластом внутри кулинарного кольца, выпечь при температуре 180° в течение 10мин. Достаем и слегка приминаем, охлаждаем. 
В дежу кладем комнатной температуры творожный сыр, сахар, сливки, ванилин, взбиваем в миксере с насадкой ""лопата"", не прекращая взбивать вливаем тонкой струйкой сливки. После того как масса стала однородной, меняем насадку у миксера на "" Венчик"" Продолжаем взбивать и вводим по 1 яйцу. Периодически силиконовой лопаткой снимать крем с бортов и дна, что бы не было сырных комков. Дежу от миксера аккуратно стучим об стол дном, чтобы выпустить все пузырьки. Однородную массу вливаем в форму на корж, разравниваем лопаткой. Ставим в разогретую духовку на 220° на 10мин, далее скидываем температуру на 110°, выпекаем ровно 1ч с влажностью на 1 деление. Для колера в конце выпекания поднимаем температуру на 200° и жар на максимум, минут 5. Выключаем, даем полностью остыть, убираем на ночь в холодильник. Нарезаем ровно на 12 кусочков предварительно нож нагреть горелкой или подержать в горячей воде, вытираем нож каждый раз, перед тем как сделать новый разрез.";;29.01.2024 09:28;950528;1012695;;0.200;0.2;"Тесто на кукис распределить тонким пластом внутри кулинарного кольца, выпечь при температуре 180° в течение 10мин. Достаем и слегка приминаем, охлаждаем. 
В дежу кладем комнатной температуры творожный сыр, сахар, сливки, ванилин, взбиваем в миксере с насадкой ""лопата"", не прекращая взбивать вливаем тонкой струйкой сливки. После того как масса стала однородной, меняем насадку у миксера на "" Венчик"" Продолжаем взбивать и вводим по 1 яйцу. Периодически силиконовой лопаткой снимать крем с бортов и дна, что бы не было сырных комков. Дежу от миксера аккуратно стучим об стол дном, чтобы выпустить все пузырьки. Однородную массу вливаем в форму на корж, разравниваем лопаткой. Ставим в разогретую духовку на 220° на 10мин, далее скидываем температуру на 110°, выпекаем ровно 1ч с влажностью на 1 деление. Для колера в конце выпекания поднимаем температуру на 200° и жар на максимум, минут 5. Выключаем, даем полностью остыть, убираем на ночь в холодильник. Нарезаем ровно на 12 кусочков предварительно нож нагреть горелкой или подержать в горячей воде, вытираем нож каждый раз, перед тем как сделать новый разрез.";;29.01.2024 09:28;950528;1002746;;12.000;;"Тесто на кукис распределить тонким пластом внутри кулинарного кольца, выпечь при температуре 180° в течение 10мин. Достаем и слегка приминаем, охлаждаем. 
В дежу кладем комнатной температуры творожный сыр, сахар, сливки, ванилин, взбиваем в миксере с насадкой ""лопата"", не прекращая взбивать вливаем тонкой струйкой сливки. После того как масса стала однородной, меняем насадку у миксера на "" Венчик"" Продолжаем взбивать и вводим по 1 яйцу. Периодически силиконовой лопаткой снимать крем с бортов и дна, что бы не было сырных комков. Дежу от миксера аккуратно стучим об стол дном, чтобы выпустить все пузырьки. Однородную массу вливаем в форму на корж, разравниваем лопаткой. Ставим в разогретую духовку на 220° на 10мин, далее скидываем температуру на 110°, выпекаем ровно 1ч с влажностью на 1 деление. Для колера в конце выпекания поднимаем температуру на 200° и жар на максимум, минут 5. Выключаем, даем полностью остыть, убираем на ночь в холодильник. Нарезаем ровно на 12 кусочков предварительно нож нагреть горелкой или подержать в горячей воде, вытираем нож каждый раз, перед тем как сделать новый разрез.";;29.01.2024 09:28;939080;962344;;0.300;0.3;"Тесто на кукис распределить тонким пластом внутри кулинарного кольца, выпечь при температуре 180° в течение 10мин. Достаем и слегка приминаем, охлаждаем. 
В дежу кладем комнатной температуры творожный сыр, сахар, сливки, ванилин, взбиваем в миксере с насадкой ""лопата"", не прекращая взбивать вливаем тонкой струйкой сливки. После того как масса стала однородной, меняем насадку у миксера на "" Венчик"" Продолжаем взбивать и вводим по 1 яйцу. Затем добавляем цедру апельсина. Периодически силиконовой лопаткой снимать крем с бортов и дна, что бы не было сырных комков. Дежу от миксера аккуратно стучим об стол дном, чтобы выпустить все пузырьки. Однородную массу вливаем в форму на корж, разравниваем лопаткой. Ставим в разогретую духовку на 220° на 10мин, далее скидываем температуру на 110°, выпекаем ровно 1ч с влажностью на 1 деление. Для колера в конце выпекания поднимаем температуру на 200° и жар на максимум, минут 5. Выключаем, даем полностью остыть, убираем на ночь в холодильник. Нарезаем ровно на 12 кусочков предварительно нож нагреть горелкой или подержать в горячей воде, вытираем нож каждый раз, перед тем как сделать новый разрез.";;29.01.2024 09:24;939080;962625;;0.600;0.6;"Тесто на кукис распределить тонким пластом внутри кулинарного кольца, выпечь при температуре 180° в течение 10мин. Достаем и слегка приминаем, охлаждаем. 
В дежу кладем комнатной температуры творожный сыр, сахар, сливки, ванилин, взбиваем в миксере с насадкой ""лопата"", не прекращая взбивать вливаем тонкой струйкой сливки. После того как масса стала однородной, меняем насадку у миксера на "" Венчик"" Продолжаем взбивать и вводим по 1 яйцу. Затем добавляем цедру апельсина. Периодически силиконовой лопаткой снимать крем с бортов и дна, что бы не было сырных комков. Дежу от миксера аккуратно стучим об стол дном, чтобы выпустить все пузырьки. Однородную массу вливаем в форму на корж, разравниваем лопаткой. Ставим в разогретую духовку на 220° на 10мин, далее скидываем температуру на 110°, выпекаем ровно 1ч с влажностью на 1 деление. Для колера в конце выпекания поднимаем температуру на 200° и жар на максимум, минут 5. Выключаем, даем полностью остыть, убираем на ночь в холодильник. Нарезаем ровно на 12 кусочков предварительно нож нагреть горелкой или подержать в горячей воде, вытираем нож каждый раз, перед тем как сделать новый разрез.";;29.01.2024 09:24;939080;962269;;0.150;0.15;"Тесто на кукис распределить тонким пластом внутри кулинарного кольца, выпечь при температуре 180° в течение 10мин. Достаем и слегка приминаем, охлаждаем. 
В дежу кладем комнатной температуры творожный сыр, сахар, сливки, ванилин, взбиваем в миксере с насадкой ""лопата"", не прекращая взбивать вливаем тонкой струйкой сливки. После того как масса стала однородной, меняем насадку у миксера на "" Венчик"" Продолжаем взбивать и вводим по 1 яйцу. Затем добавляем цедру апельсина. Периодически силиконовой лопаткой снимать крем с бортов и дна, что бы не было сырных комков. Дежу от миксера аккуратно стучим об стол дном, чтобы выпустить все пузырьки. Однородную массу вливаем в форму на корж, разравниваем лопаткой. Ставим в разогретую духовку на 220° на 10мин, далее скидываем температуру на 110°, выпекаем ровно 1ч с влажностью на 1 деление. Для колера в конце выпекания поднимаем температуру на 200° и жар на максимум, минут 5. Выключаем, даем полностью остыть, убираем на ночь в холодильник. Нарезаем ровно на 12 кусочков предварительно нож нагреть горелкой или подержать в горячей воде, вытираем нож каждый раз, перед тем как сделать новый разрез.";;29.01.2024 09:24;939080;962336;;3.000;3.0;"Тесто на кукис распределить тонким пластом внутри кулинарного кольца, выпечь при температуре 180° в течение 10мин. Достаем и слегка приминаем, охлаждаем. 
В дежу кладем комнатной температуры творожный сыр, сахар, сливки, ванилин, взбиваем в миксере с насадкой ""лопата"", не прекращая взбивать вливаем тонкой струйкой сливки. После того как масса стала однородной, меняем насадку у миксера на "" Венчик"" Продолжаем взбивать и вводим по 1 яйцу. Затем добавляем цедру апельсина. Периодически силиконовой лопаткой снимать крем с бортов и дна, что бы не было сырных комков. Дежу от миксера аккуратно стучим об стол дном, чтобы выпустить все пузырьки. Однородную массу вливаем в форму на корж, разравниваем лопаткой. Ставим в разогретую духовку на 220° на 10мин, далее скидываем температуру на 110°, выпекаем ровно 1ч с влажностью на 1 деление. Для колера в конце выпекания поднимаем температуру на 200° и жар на максимум, минут 5. Выключаем, даем полностью остыть, убираем на ночь в холодильник. Нарезаем ровно на 12 кусочков предварительно нож нагреть горелкой или подержать в горячей воде, вытираем нож каждый раз, перед тем как сделать новый разрез.";;29.01.2024 09:24;939080;962342;;0.002;0.002;"Тесто на кукис распределить тонким пластом внутри кулинарного кольца, выпечь при температуре 180° в течение 10мин. Достаем и слегка приминаем, охлаждаем. 
В дежу кладем комнатной температуры творожный сыр, сахар, сливки, ванилин, взбиваем в миксере с насадкой ""лопата"", не прекращая взбивать вливаем тонкой струйкой сливки. После того как масса стала однородной, меняем насадку у миксера на "" Венчик"" Продолжаем взбивать и вводим по 1 яйцу. Затем добавляем цедру апельсина. Периодически силиконовой лопаткой снимать крем с бортов и дна, что бы не было сырных комков. Дежу от миксера аккуратно стучим об стол дном, чтобы выпустить все пузырьки. Однородную массу вливаем в форму на корж, разравниваем лопаткой. Ставим в разогретую духовку на 220° на 10мин, далее скидываем температуру на 110°, выпекаем ровно 1ч с влажностью на 1 деление. Для колера в конце выпекания поднимаем температуру на 200° и жар на максимум, минут 5. Выключаем, даем полностью остыть, убираем на ночь в холодильник. Нарезаем ровно на 12 кусочков предварительно нож нагреть горелкой или подержать в горячей воде, вытираем нож каждый раз, перед тем как сделать новый разрез.";;29.01.2024 09:24;939080;963080;;0.015;0.015;"Тесто на кукис распределить тонким пластом внутри кулинарного кольца, выпечь при температуре 180° в течение 10мин. Достаем и слегка приминаем, охлаждаем. 
В дежу кладем комнатной температуры творожный сыр, сахар, сливки, ванилин, взбиваем в миксере с насадкой ""лопата"", не прекращая взбивать вливаем тонкой струйкой сливки. После того как масса стала однородной, меняем насадку у миксера на "" Венчик"" Продолжаем взбивать и вводим по 1 яйцу. Затем добавляем цедру апельсина. Периодически силиконовой лопаткой снимать крем с бортов и дна, что бы не было сырных комков. Дежу от миксера аккуратно стучим об стол дном, чтобы выпустить все пузырьки. Однородную массу вливаем в форму на корж, разравниваем лопаткой. Ставим в разогретую духовку на 220° на 10мин, далее скидываем температуру на 110°, выпекаем ровно 1ч с влажностью на 1 деление. Для колера в конце выпекания поднимаем температуру на 200° и жар на максимум, минут 5. Выключаем, даем полностью остыть, убираем на ночь в холодильник. Нарезаем ровно на 12 кусочков предварительно нож нагреть горелкой или подержать в горячей воде, вытираем нож каждый раз, перед тем как сделать новый разрез.";;29.01.2024 09:24;939080;1012695;;0.200;0.2;"Тесто на кукис распределить тонким пластом внутри кулинарного кольца, выпечь при температуре 180° в течение 10мин. Достаем и слегка приминаем, охлаждаем. 
В дежу кладем комнатной температуры творожный сыр, сахар, сливки, ванилин, взбиваем в миксере с насадкой ""лопата"", не прекращая взбивать вливаем тонкой струйкой сливки. После того как масса стала однородной, меняем насадку у миксера на "" Венчик"" Продолжаем взбивать и вводим по 1 яйцу. Затем добавляем цедру апельсина. Периодически силиконовой лопаткой снимать крем с бортов и дна, что бы не было сырных комков. Дежу от миксера аккуратно стучим об стол дном, чтобы выпустить все пузырьки. Однородную массу вливаем в форму на корж, разравниваем лопаткой. Ставим в разогретую духовку на 220° на 10мин, далее скидываем температуру на 110°, выпекаем ровно 1ч с влажностью на 1 деление. Для колера в конце выпекания поднимаем температуру на 200° и жар на максимум, минут 5. Выключаем, даем полностью остыть, убираем на ночь в холодильник. Нарезаем ровно на 12 кусочков предварительно нож нагреть горелкой или подержать в горячей воде, вытираем нож каждый раз, перед тем как сделать новый разрез.";;29.01.2024 09:24;939080;1002746;;12.000;;"Тесто на кукис распределить тонким пластом внутри кулинарного кольца, выпечь при температуре 180° в течение 10мин. Достаем и слегка приминаем, охлаждаем. 
В дежу кладем комнатной температуры творожный сыр, сахар, сливки, ванилин, взбиваем в миксере с насадкой ""лопата"", не прекращая взбивать вливаем тонкой струйкой сливки. После того как масса стала однородной, меняем насадку у миксера на "" Венчик"" Продолжаем взбивать и вводим по 1 яйцу. Затем добавляем цедру апельсина. Периодически силиконовой лопаткой снимать крем с бортов и дна, что бы не было сырных комков. Дежу от миксера аккуратно стучим об стол дном, чтобы выпустить все пузырьки. Однородную массу вливаем в форму на корж, разравниваем лопаткой. Ставим в разогретую духовку на 220° на 10мин, далее скидываем температуру на 110°, выпекаем ровно 1ч с влажностью на 1 деление. Для колера в конце выпекания поднимаем температуру на 200° и жар на максимум, минут 5. Выключаем, даем полностью остыть, убираем на ночь в холодильник. Нарезаем ровно на 12 кусочков предварительно нож нагреть горелкой или подержать в горячей воде, вытираем нож каждый раз, перед тем как сделать новый разрез.";;29.01.2024 09:24;956323;962344;;0.300;0.3;"Тесто на кукис распределить тонким пластом внутри кулинарного кольца, выпечь при температуре 180° в течение 10мин. Достаем и слегка приминаем, охлаждаем. 
В дежу кладем комнатной температуры творожный сыр, сахар, сливки, ванилин, взбиваем в миксере с насадкой ""лопата"", не прекращая взбивать вливаем тонкой струйкой сливки. После того как масса стала однородной, меняем насадку у миксера на "" Венчик"" Продолжаем взбивать и вводим по 1 яйцу. Периодически силиконовой лопаткой снимать крем с бортов и дна, что бы не было сырных комков. Затем в тесто добавляем какао черный 12%.  Дежу от миксера аккуратно стучим об стол дном, чтобы выпустить все пузырьки. Однородную массу вливаем в форму на корж, разравниваем лопаткой. Ставим в разогретую духовку на 220° на 10мин, далее скидываем температуру на 110°, выпекаем ровно 1ч с влажностью на 1 деление. Для колера в конце выпекания поднимаем температуру на 200° и жар на максимум, минут 5. Выключаем, даем полностью остыть, убираем на ночь в холодильник. Нарезаем ровно на 12 кусочков предварительно нож нагреть горелкой или подержать в горячей воде, вытираем нож каждый раз, перед тем как сделать новый разрез.";;29.01.2024 09:23;956323;962625;;0.600;0.6;"Тесто на кукис распределить тонким пластом внутри кулинарного кольца, выпечь при температуре 180° в течение 10мин. Достаем и слегка приминаем, охлаждаем. 
В дежу кладем комнатной температуры творожный сыр, сахар, сливки, ванилин, взбиваем в миксере с насадкой ""лопата"", не прекращая взбивать вливаем тонкой струйкой сливки. После того как масса стала однородной, меняем насадку у миксера на "" Венчик"" Продолжаем взбивать и вводим по 1 яйцу. Периодически силиконовой лопаткой снимать крем с бортов и дна, что бы не было сырных комков. Затем в тесто добавляем какао черный 12%.  Дежу от миксера аккуратно стучим об стол дном, чтобы выпустить все пузырьки. Однородную массу вливаем в форму на корж, разравниваем лопаткой. Ставим в разогретую духовку на 220° на 10мин, далее скидываем температуру на 110°, выпекаем ровно 1ч с влажностью на 1 деление. Для колера в конце выпекания поднимаем температуру на 200° и жар на максимум, минут 5. Выключаем, даем полностью остыть, убираем на ночь в холодильник. Нарезаем ровно на 12 кусочков предварительно нож нагреть горелкой или подержать в горячей воде, вытираем нож каждый раз, перед тем как сделать новый разрез.";;29.01.2024 09:23;956323;962269;;0.150;0.15;"Тесто на кукис распределить тонким пластом внутри кулинарного кольца, выпечь при температуре 180° в течение 10мин. Достаем и слегка приминаем, охлаждаем. 
В дежу кладем комнатной температуры творожный сыр, сахар, сливки, ванилин, взбиваем в миксере с насадкой ""лопата"", не прекращая взбивать вливаем тонкой струйкой сливки. После того как масса стала однородной, меняем насадку у миксера на "" Венчик"" Продолжаем взбивать и вводим по 1 яйцу. Периодически силиконовой лопаткой снимать крем с бортов и дна, что бы не было сырных комков. Затем в тесто добавляем какао черный 12%.  Дежу от миксера аккуратно стучим об стол дном, чтобы выпустить все пузырьки. Однородную массу вливаем в форму на корж, разравниваем лопаткой. Ставим в разогретую духовку на 220° на 10мин, далее скидываем температуру на 110°, выпекаем ровно 1ч с влажностью на 1 деление. Для колера в конце выпекания поднимаем температуру на 200° и жар на максимум, минут 5. Выключаем, даем полностью остыть, убираем на ночь в холодильник. Нарезаем ровно на 12 кусочков предварительно нож нагреть горелкой или подержать в горячей воде, вытираем нож каждый раз, перед тем как сделать новый разрез.";;29.01.2024 09:23;956323;962336;;3.000;3.0;"Тесто на кукис распределить тонким пластом внутри кулинарного кольца, выпечь при температуре 180° в течение 10мин. Достаем и слегка приминаем, охлаждаем. 
В дежу кладем комнатной температуры творожный сыр, сахар, сливки, ванилин, взбиваем в миксере с насадкой ""лопата"", не прекращая взбивать вливаем тонкой струйкой сливки. После того как масса стала однородной, меняем насадку у миксера на "" Венчик"" Продолжаем взбивать и вводим по 1 яйцу. Периодически силиконовой лопаткой снимать крем с бортов и дна, что бы не было сырных комков. Затем в тесто добавляем какао черный 12%.  Дежу от миксера аккуратно стучим об стол дном, чтобы выпустить все пузырьки. Однородную массу вливаем в форму на корж, разравниваем лопаткой. Ставим в разогретую духовку на 220° на 10мин, далее скидываем температуру на 110°, выпекаем ровно 1ч с влажностью на 1 деление. Для колера в конце выпекания поднимаем температуру на 200° и жар на максимум, минут 5. Выключаем, даем полностью остыть, убираем на ночь в холодильник. Нарезаем ровно на 12 кусочков предварительно нож нагреть горелкой или подержать в горячей воде, вытираем нож каждый раз, перед тем как сделать новый разрез.";;29.01.2024 09:23;956323;962342;;0.003;0.003;"Тесто на кукис распределить тонким пластом внутри кулинарного кольца, выпечь при температуре 180° в течение 10мин. Достаем и слегка приминаем, охлаждаем. 
В дежу кладем комнатной температуры творожный сыр, сахар, сливки, ванилин, взбиваем в миксере с насадкой ""лопата"", не прекращая взбивать вливаем тонкой струйкой сливки. После того как масса стала однородной, меняем насадку у миксера на "" Венчик"" Продолжаем взбивать и вводим по 1 яйцу. Периодически силиконовой лопаткой снимать крем с бортов и дна, что бы не было сырных комков. Затем в тесто добавляем какао черный 12%.  Дежу от миксера аккуратно стучим об стол дном, чтобы выпустить все пузырьки. Однородную массу вливаем в форму на корж, разравниваем лопаткой. Ставим в разогретую духовку на 220° на 10мин, далее скидываем температуру на 110°, выпекаем ровно 1ч с влажностью на 1 деление. Для колера в конце выпекания поднимаем температуру на 200° и жар на максимум, минут 5. Выключаем, даем полностью остыть, убираем на ночь в холодильник. Нарезаем ровно на 12 кусочков предварительно нож нагреть горелкой или подержать в горячей воде, вытираем нож каждый раз, перед тем как сделать новый разрез.";;29.01.2024 09:23;956323;962636;;0.020;0.02;"Тесто на кукис распределить тонким пластом внутри кулинарного кольца, выпечь при температуре 180° в течение 10мин. Достаем и слегка приминаем, охлаждаем. 
В дежу кладем комнатной температуры творожный сыр, сахар, сливки, ванилин, взбиваем в миксере с насадкой ""лопата"", не прекращая взбивать вливаем тонкой струйкой сливки. После того как масса стала однородной, меняем насадку у миксера на "" Венчик"" Продолжаем взбивать и вводим по 1 яйцу. Периодически силиконовой лопаткой снимать крем с бортов и дна, что бы не было сырных комков. Затем в тесто добавляем какао черный 12%.  Дежу от миксера аккуратно стучим об стол дном, чтобы выпустить все пузырьки. Однородную массу вливаем в форму на корж, разравниваем лопаткой. Ставим в разогретую духовку на 220° на 10мин, далее скидываем температуру на 110°, выпекаем ровно 1ч с влажностью на 1 деление. Для колера в конце выпекания поднимаем температуру на 200° и жар на максимум, минут 5. Выключаем, даем полностью остыть, убираем на ночь в холодильник. Нарезаем ровно на 12 кусочков предварительно нож нагреть горелкой или подержать в горячей воде, вытираем нож каждый раз, перед тем как сделать новый разрез.";;29.01.2024 09:23;956323;962638;;0.030;0.03;"Тесто на кукис распределить тонким пластом внутри кулинарного кольца, выпечь при температуре 180° в течение 10мин. Достаем и слегка приминаем, охлаждаем. 
В дежу кладем комнатной температуры творожный сыр, сахар, сливки, ванилин, взбиваем в миксере с насадкой ""лопата"", не прекращая взбивать вливаем тонкой струйкой сливки. После того как масса стала однородной, меняем насадку у миксера на "" Венчик"" Продолжаем взбивать и вводим по 1 яйцу. Периодически силиконовой лопаткой снимать крем с бортов и дна, что бы не было сырных комков. Затем в тесто добавляем какао черный 12%.  Дежу от миксера аккуратно стучим об стол дном, чтобы выпустить все пузырьки. Однородную массу вливаем в форму на корж, разравниваем лопаткой. Ставим в разогретую духовку на 220° на 10мин, далее скидываем температуру на 110°, выпекаем ровно 1ч с влажностью на 1 деление. Для колера в конце выпекания поднимаем температуру на 200° и жар на максимум, минут 5. Выключаем, даем полностью остыть, убираем на ночь в холодильник. Нарезаем ровно на 12 кусочков предварительно нож нагреть горелкой или подержать в горячей воде, вытираем нож каждый раз, перед тем как сделать новый разрез.";;29.01.2024 09:23;956323;962639;;0.100;0.1;"Тесто на кукис распределить тонким пластом внутри кулинарного кольца, выпечь при температуре 180° в течение 10мин. Достаем и слегка приминаем, охлаждаем. 
В дежу кладем комнатной температуры творожный сыр, сахар, сливки, ванилин, взбиваем в миксере с насадкой ""лопата"", не прекращая взбивать вливаем тонкой струйкой сливки. После того как масса стала однородной, меняем насадку у миксера на "" Венчик"" Продолжаем взбивать и вводим по 1 яйцу. Периодически силиконовой лопаткой снимать крем с бортов и дна, что бы не было сырных комков. Затем в тесто добавляем какао черный 12%.  Дежу от миксера аккуратно стучим об стол дном, чтобы выпустить все пузырьки. Однородную массу вливаем в форму на корж, разравниваем лопаткой. Ставим в разогретую духовку на 220° на 10мин, далее скидываем температуру на 110°, выпекаем ровно 1ч с влажностью на 1 деление. Для колера в конце выпекания поднимаем температуру на 200° и жар на максимум, минут 5. Выключаем, даем полностью остыть, убираем на ночь в холодильник. Нарезаем ровно на 12 кусочков предварительно нож нагреть горелкой или подержать в горячей воде, вытираем нож каждый раз, перед тем как сделать новый разрез.";;29.01.2024 09:23;956323;1012695;;0.200;0.2;"Тесто на кукис распределить тонким пластом внутри кулинарного кольца, выпечь при температуре 180° в течение 10мин. Достаем и слегка приминаем, охлаждаем. 
В дежу кладем комнатной температуры творожный сыр, сахар, сливки, ванилин, взбиваем в миксере с насадкой ""лопата"", не прекращая взбивать вливаем тонкой струйкой сливки. После того как масса стала однородной, меняем насадку у миксера на "" Венчик"" Продолжаем взбивать и вводим по 1 яйцу. Периодически силиконовой лопаткой снимать крем с бортов и дна, что бы не было сырных комков. Затем в тесто добавляем какао черный 12%.  Дежу от миксера аккуратно стучим об стол дном, чтобы выпустить все пузырьки. Однородную массу вливаем в форму на корж, разравниваем лопаткой. Ставим в разогретую духовку на 220° на 10мин, далее скидываем температуру на 110°, выпекаем ровно 1ч с влажностью на 1 деление. Для колера в конце выпекания поднимаем температуру на 200° и жар на максимум, минут 5. Выключаем, даем полностью остыть, убираем на ночь в холодильник. Нарезаем ровно на 12 кусочков предварительно нож нагреть горелкой или подержать в горячей воде, вытираем нож каждый раз, перед тем как сделать новый разрез.";;29.01.2024 09:23;956323;1002746;;12.000;;"Тесто на кукис распределить тонким пластом внутри кулинарного кольца, выпечь при температуре 180° в течение 10мин. Достаем и слегка приминаем, охлаждаем. 
В дежу кладем комнатной температуры творожный сыр, сахар, сливки, ванилин, взбиваем в миксере с насадкой ""лопата"", не прекращая взбивать вливаем тонкой струйкой сливки. После того как масса стала однородной, меняем насадку у миксера на "" Венчик"" Продолжаем взбивать и вводим по 1 яйцу. Периодически силиконовой лопаткой снимать крем с бортов и дна, что бы не было сырных комков. Затем в тесто добавляем какао черный 12%.  Дежу от миксера аккуратно стучим об стол дном, чтобы выпустить все пузырьки. Однородную массу вливаем в форму на корж, разравниваем лопаткой. Ставим в разогретую духовку на 220° на 10мин, далее скидываем температуру на 110°, выпекаем ровно 1ч с влажностью на 1 деление. Для колера в конце выпекания поднимаем температуру на 200° и жар на максимум, минут 5. Выключаем, даем полностью остыть, убираем на ночь в холодильник. Нарезаем ровно на 12 кусочков предварительно нож нагреть горелкой или подержать в горячей воде, вытираем нож каждый раз, перед тем как сделать новый разрез.";;29.01.2024 09:23;1047347;962344;;0.006;0.006;;;10.11.2023 09:44;1047347;962625;;0.012;0.012;;;10.11.2023 09:44;1047347;962269;;0.003;0.003;;;10.11.2023 09:44;1047347;962336;;0.003;0.003;;;10.11.2023 09:44;1047347;962342;;0.001;0.001;;;10.11.2023 09:44;1047347;962636;;0.001;0.001;;;10.11.2023 09:44;1047347;962638;;0.005;0.005;;;10.11.2023 09:44;1047347;962639;;0.001;0.001;;;10.11.2023 09:44;1047347;1012695;;0.004;0.004;;;10.11.2023 09:44;1047347;1034324;;1.000;;;;10.11.2023 09:44;935265;893029;;0.011;0.011;;;25.10.2023 14:00;935266;893029;;0.021;0.021;;;25.10.2023 14:00;1119469;893029;;0.021;0.021;;;16.01.2024 20:25;1119469;893502;;1.000;;;;16.01.2024 20:25;1119468;893029;;0.011;0.011;;;05.02.2024 11:07;1119468;893502;;1.000;;;;05.02.2024 11:07;